sourceCode,sourceName,sourceFrequency,sourceAutoAssignedConceptIds,ADD_INFO:sourceConceptId,ADD_INFO:sourceName_fi,ADD_INFO:sourceConceptClass,ADD_INFO:sourceDomain,ADD_INFO:sourceValidStartDate,ADD_INFO:sourceValidEndDate,ADD_INFO:sourceParents,ADD_INFO:sourceParentVocabulary,matchScore,mappingStatus,equivalence,statusSetBy,statusSetOn,conceptId,conceptName,domainId,mappingType,comment,createdBy,createdOn,assignedReviewer
14378,"Covid-19 coronavirus, nucleic acid test from nasopharynx, on call",-1,,2000800101,"COVID-19 koronavirus, nukleiinihappo-osoitus nenänielusta, päivystyksenä",LABfi_TKU Level 0,Measurement,1970-01-01,2099-12-31,,,0,APPROVED,UNREVIEWED,TYKS,1631577600000,586526,SARS-CoV-2 (COVID-19) RNA [Presence] in Nasopharynx by NAA with probe detection,Measurement,MAPS_TO,,TYKS,1631577600000,
12749,"Fl-Streptococcus agalactiae (B), nucleic acid (qual)",-1,,2000800102,"Fl-Streptococcus agalactiae (B), nukleiinihappo (kval)",LABfi_TKU Level 0,Measurement,1970-01-01,2099-12-31,,,0,APPROVED,UNREVIEWED,TYKS,1631577600000,1175573,Streptococcus agalactiae DNA [Presence] in Vaginal fluid by NAA with probe detection,Measurement,MAPS_TO,,TYKS,1631577600000,
12749,"Fl-Streptococcus agalactiae (B), nucleic acid (qual)",-1,,2000800102,"Fl-Streptococcus agalactiae (B), nukleiinihappo (kval)",LABfi_TKU Level 0,Measurement,1970-01-01,2099-12-31,,,0,APPROVED,UNREVIEWED,TYKS,1631577600000,37019817,Streptococcus agalactiae DNA [Presence] in Vag+Rectum by NAA with probe detection,Measurement,MAPS_TO,,TYKS,1631577600000,
12811,"Polyoma virus, nucleic acid (quant)",-1,,2000800103,"Polyoma virus, nukleiinihappo (kvant)",LABfi_TKU Level 0,Measurement,1970-01-01,2099-12-31,,,0,APPROVED,UNREVIEWED,TYKS,1631577600000,1176173,BK virus + JC virus DNA [Presence] in Specimen by NAA with probe detection,Measurement,MAPS_TO,,TYKS,1631577600000,
10826,B-B-Lymphocytes,-1,,2000800104,B-B-Lymfosyytit,LABfi_TKU Level 0,Measurement,1970-01-01,2099-12-31,,,0,APPROVED,UNREVIEWED,TYKS,1631577600000,3000060,B lymphocytes [#/volume] in Blood,Measurement,MAPS_TO,,TYKS,1631577600000,
12642,"Respiratory syncytial B virus, nucleic acid detection (kval)",-1,,2000800105,"Respiratory syncytial B virus, nukleiinihapon osoittaminen (kval)",LABfi_TKU Level 0,Measurement,1970-01-01,2099-12-31,,,0,APPROVED,UNREVIEWED,TYKS,1631577600000,3000108,Respiratory syncytial virus B RNA [Presence] in Specimen by NAA with probe detection,Measurement,MAPS_TO,,TYKS,1631577600000,
12448,"B-Na, Children's Power",-1,,2000800106,"B-Na, Lasten teho",LABfi_TKU Level 0,Measurement,1970-01-01,2099-12-31,,,0,APPROVED,UNREVIEWED,TYKS,1631577600000,3000285,Sodium [Moles/volume] in Blood,Measurement,MAPS_TO,,TYKS,1631577600000,
10819,P-Antithrombin III,-1,,2000800107,P-Antitrombiini III,LABfi_TKU Level 0,Measurement,1970-01-01,2099-12-31,,,0,APPROVED,UNREVIEWED,TYKS,1631577600000,3000515,Antithrombin actual/normal in Platelet poor plasma by Chromogenic method,Measurement,MAPS_TO,,TYKS,1631577600000,
14376,U-Particles,-1,,2000800108,U-Partikkelit,LABfi_TKU Level 0,Measurement,1970-01-01,2099-12-31,,,0,APPROVED,UNREVIEWED,TYKS,1631577600000,3000850,Epithelial cells [#/volume] in Urine,Measurement,MAPS_TO,,TYKS,1631577600000,
14376,U-Particles,-1,,2000800108,U-Partikkelit,LABfi_TKU Level 0,Measurement,1970-01-01,2099-12-31,,,0,APPROVED,UNREVIEWED,TYKS,1631577600000,3002582,Erythrocytes [#/volume] in Urine,Measurement,MAPS_TO,,TYKS,1631577600000,
14376,U-Particles,-1,,2000800108,U-Partikkelit,LABfi_TKU Level 0,Measurement,1970-01-01,2099-12-31,,,0,APPROVED,UNREVIEWED,TYKS,1631577600000,3018095,Leukocytes [#/volume] in Urine,Measurement,MAPS_TO,,TYKS,1631577600000,
14376,U-Particles,-1,,2000800108,U-Partikkelit,LABfi_TKU Level 0,Measurement,1970-01-01,2099-12-31,,,0,APPROVED,UNREVIEWED,TYKS,1631577600000,3030467,Casts [#/volume] in Urine by Automated count,Measurement,MAPS_TO,,TYKS,1631577600000,
14376,U-Particles,-1,,2000800108,U-Partikkelit,LABfi_TKU Level 0,Measurement,1970-01-01,2099-12-31,,,0,APPROVED,UNREVIEWED,TYKS,1631577600000,36304419,Bacteria [Presence] in Urine,Measurement,MAPS_TO,,TYKS,1631577600000,
Epit.solut,Epit.solut,-1,,2000800109,Epit.solut,LABfi_TKU Level 0,Measurement,1970-01-01,2099-12-31,,,0,UNCHECKED,UNREVIEWED,,0,0,Unmapped,,MAPS_TO,,,0,
12434,"U-Partik, partial research",-1,,2000800110,"U-Partik, osatutkimus",LABfi_TKU Level 0,Measurement,1970-01-01,2099-12-31,,,0,APPROVED,UNREVIEWED,TYKS,1631577600000,3000850,Epithelial cells [#/volume] in Urine,Measurement,MAPS_TO,,TYKS,1631577600000,
12434,"U-Partik, partial research",-1,,2000800110,"U-Partik, osatutkimus",LABfi_TKU Level 0,Measurement,1970-01-01,2099-12-31,,,0,APPROVED,UNREVIEWED,TYKS,1631577600000,3002582,Erythrocytes [#/volume] in Urine,Measurement,MAPS_TO,,TYKS,1631577600000,
12434,"U-Partik, partial research",-1,,2000800110,"U-Partik, osatutkimus",LABfi_TKU Level 0,Measurement,1970-01-01,2099-12-31,,,0,APPROVED,UNREVIEWED,TYKS,1631577600000,3018095,Leukocytes [#/volume] in Urine,Measurement,MAPS_TO,,TYKS,1631577600000,
12434,"U-Partik, partial research",-1,,2000800110,"U-Partik, osatutkimus",LABfi_TKU Level 0,Measurement,1970-01-01,2099-12-31,,,0,APPROVED,UNREVIEWED,TYKS,1631577600000,3032238,Epithelial cells.non-squamous [Presence] in Urine by Automated,Measurement,MAPS_TO,,TYKS,1631577600000,
12434,"U-Partik, partial research",-1,,2000800110,"U-Partik, osatutkimus",LABfi_TKU Level 0,Measurement,1970-01-01,2099-12-31,,,0,APPROVED,UNREVIEWED,TYKS,1631577600000,3041661,Epithelial casts [#/volume] in Urine by Computer assisted method,Measurement,MAPS_TO,,TYKS,1631577600000,
12434,"U-Partik, partial research",-1,,2000800110,"U-Partik, osatutkimus",LABfi_TKU Level 0,Measurement,1970-01-01,2099-12-31,,,0,APPROVED,UNREVIEWED,TYKS,1631577600000,43055193,Pathologic casts [Presence] in Urine by Automated,Measurement,MAPS_TO,,TYKS,1631577600000,
174,"Food group (egg protein, milk, fish, wheat, peanut, soy), IgE antibodies",-1,,2000800111,"Ruoka-aineryhmä (mun.val, maito, kala, vehn, maapäh, soija), IgE vasta-aineet",LABfi_TKU Level 0,Measurement,1970-01-01,2099-12-31,,,0,APPROVED,UNREVIEWED,TYKS,1631577600000,3000876,Codfish IgE Ab [Units/volume] in Serum,Measurement,MAPS_TO,,TYKS,1631577600000,
174,"Food group (egg protein, milk, fish, wheat, peanut, soy), IgE antibodies",-1,,2000800111,"Ruoka-aineryhmä (mun.val, maito, kala, vehn, maapäh, soija), IgE vasta-aineet",LABfi_TKU Level 0,Measurement,1970-01-01,2099-12-31,,,0,APPROVED,UNREVIEWED,TYKS,1631577600000,3001488,Cow milk IgE Ab [Units/volume] in Serum,Measurement,MAPS_TO,,TYKS,1631577600000,
174,"Food group (egg protein, milk, fish, wheat, peanut, soy), IgE antibodies",-1,,2000800111,"Ruoka-aineryhmä (mun.val, maito, kala, vehn, maapäh, soija), IgE vasta-aineet",LABfi_TKU Level 0,Measurement,1970-01-01,2099-12-31,,,0,APPROVED,UNREVIEWED,TYKS,1631577600000,3012494,Peanut IgE Ab [Units/volume] in Serum,Measurement,MAPS_TO,,TYKS,1631577600000,
174,"Food group (egg protein, milk, fish, wheat, peanut, soy), IgE antibodies",-1,,2000800111,"Ruoka-aineryhmä (mun.val, maito, kala, vehn, maapäh, soija), IgE vasta-aineet",LABfi_TKU Level 0,Measurement,1970-01-01,2099-12-31,,,0,APPROVED,UNREVIEWED,TYKS,1631577600000,3014599,Egg white IgE Ab [Units/volume] in Serum,Measurement,MAPS_TO,,TYKS,1631577600000,
174,"Food group (egg protein, milk, fish, wheat, peanut, soy), IgE antibodies",-1,,2000800111,"Ruoka-aineryhmä (mun.val, maito, kala, vehn, maapäh, soija), IgE vasta-aineet",LABfi_TKU Level 0,Measurement,1970-01-01,2099-12-31,,,0,APPROVED,UNREVIEWED,TYKS,1631577600000,3015076,Soybean IgE Ab [Units/volume] in Serum,Measurement,MAPS_TO,,TYKS,1631577600000,
174,"Food group (egg protein, milk, fish, wheat, peanut, soy), IgE antibodies",-1,,2000800111,"Ruoka-aineryhmä (mun.val, maito, kala, vehn, maapäh, soija), IgE vasta-aineet",LABfi_TKU Level 0,Measurement,1970-01-01,2099-12-31,,,0,APPROVED,UNREVIEWED,TYKS,1631577600000,3027231,Wheat IgE Ab [Units/volume] in Serum,Measurement,MAPS_TO,,TYKS,1631577600000,
11808,a/vB-Hb,-1,,2000800112,a/vB-Hb,LABfi_TKU Level 0,Measurement,1970-01-01,2099-12-31,,,0,APPROVED,UNREVIEWED,TYKS,1631577600000,3000963,Hemoglobin [Mass/volume] in Blood,Measurement,MAPS_TO,,TYKS,1631577600000,
10824,B-CD8 positive T lymphocytes,-1,,2000800113,B-CD8-positiiviset T-lymfosyytit,LABfi_TKU Level 0,Measurement,1970-01-01,2099-12-31,,,0,APPROVED,UNREVIEWED,TYKS,1631577600000,3001405,CD3+CD8+ (T8 suppressor) cells [#/volume] in Blood,Measurement,MAPS_TO,,TYKS,1631577600000,
977,"Milk, IgE antibodies",-1,,2000800114,"Maito, IgE vasta-aineet",LABfi_TKU Level 0,Measurement,1970-01-01,2099-12-31,,,0,APPROVED,UNREVIEWED,TYKS,1631577600000,3001488,Cow milk IgE Ab [Units/volume] in Serum,Measurement,MAPS_TO,,TYKS,1631577600000,
828,S-Free Testosterone Index,-1,,2000800115,S-Vapaan testosteronin indeksi,LABfi_TKU Level 0,Measurement,1970-01-01,2099-12-31,,,0,APPROVED,UNREVIEWED,TYKS,1631577600000,3001556,Androgen free Index in Serum or Plasma,Measurement,MAPS_TO,,TYKS,1631577600000,
13228,"Diagnostics of respiratory viruses, detection test",-1,,2000800116,"Respiratoristen virusten diagnostiikka,osoituskoe",LABfi_TKU Level 0,Measurement,1970-01-01,2099-12-31,,,0,APPROVED,UNREVIEWED,TYKS,1631577600000,3001684,Respiratory syncytial virus Ag [Presence] in Specimen,Measurement,MAPS_TO,,TYKS,1631577600000,
13228,"Diagnostics of respiratory viruses, detection test",-1,,2000800116,"Respiratoristen virusten diagnostiikka,osoituskoe",LABfi_TKU Level 0,Measurement,1970-01-01,2099-12-31,,,0,APPROVED,UNREVIEWED,TYKS,1631577600000,3007625,Streptococcus pneumoniae Ag [Presence] in Specimen,Measurement,MAPS_TO,,TYKS,1631577600000,
13228,"Diagnostics of respiratory viruses, detection test",-1,,2000800116,"Respiratoristen virusten diagnostiikka,osoituskoe",LABfi_TKU Level 0,Measurement,1970-01-01,2099-12-31,,,0,APPROVED,UNREVIEWED,TYKS,1631577600000,3027146,Parainfluenza virus 1+2+3 Ag [Presence] in Specimen,Measurement,MAPS_TO,,TYKS,1631577600000,
13228,"Diagnostics of respiratory viruses, detection test",-1,,2000800116,"Respiratoristen virusten diagnostiikka,osoituskoe",LABfi_TKU Level 0,Measurement,1970-01-01,2099-12-31,,,0,APPROVED,UNREVIEWED,TYKS,1631577600000,21492987,Influenza virus A and B Ag panel - Upper respiratory specimen by Rapid immunoassay,Measurement,MAPS_TO,,TYKS,1631577600000,
13228,"Diagnostics of respiratory viruses, detection test",-1,,2000800116,"Respiratoristen virusten diagnostiikka,osoituskoe",LABfi_TKU Level 0,Measurement,1970-01-01,2099-12-31,,,0,APPROVED,UNREVIEWED,TYKS,1631577600000,36304958,Adenovirus Ag [Presence] in Nasopharynx by Immunoassay,Measurement,MAPS_TO,,TYKS,1631577600000,
13228,"Diagnostics of respiratory viruses, detection test",-1,,2000800116,"Respiratoristen virusten diagnostiikka,osoituskoe",LABfi_TKU Level 0,Measurement,1970-01-01,2099-12-31,,,0,APPROVED,UNREVIEWED,TYKS,1631577600000,40763480,Human metapneumovirus Ag [Presence] in Specimen,Measurement,MAPS_TO,,TYKS,1631577600000,
10792,"S-Prostate-specific antigen, free/total",-1,,2000800117,"S-Prostataspesifinen antigeeni, vapaa/totaali",LABfi_TKU Level 0,Measurement,1970-01-01,2099-12-31,,,0,APPROVED,UNREVIEWED,TYKS,1631577600000,3001784,Prostate Specific Ag Free/Prostate specific Ag.total in Serum or Plasma,Measurement,MAPS_TO,,TYKS,1631577600000,
191,L-Lymphocytes,-1,,2000800118,L-Lymfosyytit,LABfi_TKU Level 0,Measurement,1970-01-01,2099-12-31,,,0,APPROVED,UNREVIEWED,TYKS,1631577600000,3002030,Lymphocytes/100 leukocytes in Blood,Measurement,MAPS_TO,,TYKS,1631577600000,
600,L-Lymphocytes,-1,,2000800119,L-Lymfosyytit,LABfi_TKU Level 0,Measurement,1970-01-01,2099-12-31,,,0,APPROVED,UNREVIEWED,TYKS,1631577600000,3002030,Lymphocytes/100 leukocytes in Blood,Measurement,MAPS_TO,,TYKS,1631577600000,
152,vB-Base Excess,-1,,2000800120,vB-Emäsylimäärä,LABfi_TKU Level 0,Measurement,1970-01-01,2099-12-31,,,0,APPROVED,UNREVIEWED,TYKS,1631577600000,3002032,Base excess in Venous blood by calculation,Measurement,MAPS_TO,,TYKS,1631577600000,
345,L-Metamyelocytes,-1,,2000800121,L-Metamyelosyytit,LABfi_TKU Level 0,Measurement,1970-01-01,2099-12-31,,,0,APPROVED,UNREVIEWED,TYKS,1631577600000,3002179,Metamyelocytes/100 leukocytes in Blood,Measurement,MAPS_TO,,TYKS,1631577600000,
766,"Sy-Bacter, staining",-1,,2000800122,"Sy-Bakteeri, värjäys",LABfi_TKU Level 0,Measurement,1970-01-01,2099-12-31,,,0,APPROVED,UNREVIEWED,TYKS,1631577600000,3002389,Microscopic observation [Identifier] in Synovial fluid by Gram stain,Measurement,MAPS_TO,,TYKS,1631577600000,
766,"Sy-Bacter, staining",-1,,2000800122,"Sy-Bakteeri, värjäys",LABfi_TKU Level 0,Measurement,1970-01-01,2099-12-31,,,0,APPROVED,UNREVIEWED,TYKS,1631577600000,3027247,Bacteria identified in Specimen,Measurement,MAPS_TO,,TYKS,1631577600000,
11313,"S-P-ANCA antibodies, immunofluorescence",-1,,2000800123,"S-P-ANCA-vasta-aineet, immunofluoresenssi",LABfi_TKU Level 0,Measurement,1970-01-01,2099-12-31,,,0,APPROVED,UNREVIEWED,TYKS,1631577600000,3003284,Neutrophil cytoplasmic Ab.perinuclear [Titer] in Serum by Immunofluorescence,Measurement,MAPS_TO,,TYKS,1631577600000,
10734,aB-Base Excess,-1,,2000800124,aB-Emäsylimäärä,LABfi_TKU Level 0,Measurement,1970-01-01,2099-12-31,,,0,APPROVED,UNREVIEWED,TYKS,1631577600000,3003396,Base excess in Arterial blood by calculation,Measurement,MAPS_TO,,TYKS,1631577600000,
150,aB-Base Excess,-1,,2000800125,aB-Emäsylimäärä,LABfi_TKU Level 0,Measurement,1970-01-01,2099-12-31,,,0,APPROVED,UNREVIEWED,TYKS,1631577600000,3003396,Base excess in Arterial blood by calculation,Measurement,MAPS_TO,,TYKS,1631577600000,
973,"Timothy, IgE antibodies",-1,,2000800126,"Timotei, IgE vasta-aineet",LABfi_TKU Level 0,Measurement,1970-01-01,2099-12-31,,,0,APPROVED,UNREVIEWED,TYKS,1631577600000,3003888,Timothy IgE Ab [Units/volume] in Serum,Measurement,MAPS_TO,,TYKS,1631577600000,
10721,"S-C-ANCA antibodies, immunofluorescence",-1,,2000800127,"S-C-ANCA-vasta-aineet, immunofluoresenssi",LABfi_TKU Level 0,Measurement,1970-01-01,2099-12-31,,,0,APPROVED,UNREVIEWED,TYKS,1631577600000,3004383,Neutrophil cytoplasmic Ab.classic [Titer] in Serum by Immunofluorescence,Measurement,MAPS_TO,,TYKS,1631577600000,
154,cB-Standard Bicarbonate,-1,,2000800128,cB-Standardibikarbonaatti,LABfi_TKU Level 0,Measurement,1970-01-01,2099-12-31,,,0,APPROVED,UNREVIEWED,TYKS,1631577600000,3004490,Bicarbonate [Moles/volume] standard in Capillary blood,Measurement,MAPS_TO,,TYKS,1631577600000,
346,L-Nst,-1,,2000800129,L-Nst,LABfi_TKU Level 0,Measurement,1970-01-01,2099-12-31,,,0,APPROVED,UNREVIEWED,TYKS,1631577600000,3004809,Band form neutrophils/100 leukocytes in Blood,Measurement,MAPS_TO,,TYKS,1631577600000,
173,"Cladosporium herbarum, IgE antibodies",-1,,2000800130,"Cladosporium herbarum, IgE vasta-aineet",LABfi_TKU Level 0,Measurement,1970-01-01,2099-12-31,,,0,APPROVED,UNREVIEWED,TYKS,1631577600000,3005136,Cladosporium herbarum IgE Ab [Units/volume] in Serum,Measurement,MAPS_TO,,TYKS,1631577600000,
12641,"Respiratory syncytial A virus, nucleic acid detection (qual)",-1,,2000800131,"Respiratory syncytial A virus, nukleiinihapon osoittaminen (kval)",LABfi_TKU Level 0,Measurement,1970-01-01,2099-12-31,,,0,APPROVED,UNREVIEWED,TYKS,1631577600000,3005156,Respiratory syncytial virus A RNA [Presence] in Specimen by NAA with probe detection,Measurement,MAPS_TO,,TYKS,1631577600000,
12447,"B-K, Children's power",-1,,2000800132,"B-K, Lasten teho",LABfi_TKU Level 0,Measurement,1970-01-01,2099-12-31,,,0,APPROVED,UNREVIEWED,TYKS,1631577600000,3005456,Potassium [Moles/volume] in Blood,Measurement,MAPS_TO,,TYKS,1631577600000,
14086,Vibrio spp. (vulnificus/parahaemolyticus/cholerae),-1,,2000800133,Vibrio spp. (vulnificus/parahaemolyticus/cholerae),LABfi_TKU Level 0,Measurement,1970-01-01,2099-12-31,,,0,APPROVED,UNREVIEWED,TYKS,1631577600000,3005988,Vibrio sp identified in Specimen by Organism specific culture,Measurement,MAPS_TO,,TYKS,1631577600000,
12640,"Parainfluenza 3 virus, nucleic acid detection (qual)",-1,,2000800134,"Parainfluenssa 3 virus, nukleiinihapon osoittaminen (kval)",LABfi_TKU Level 0,Measurement,1970-01-01,2099-12-31,,,0,APPROVED,UNREVIEWED,TYKS,1631577600000,3006262,Parainfluenza virus 3 RNA [Presence] in Specimen by NAA with probe detection,Measurement,MAPS_TO,,TYKS,1631577600000,
598,L-Eosinophils,-1,,2000800135,L-Eosinofiilit,LABfi_TKU Level 0,Measurement,1970-01-01,2099-12-31,,,0,APPROVED,UNREVIEWED,TYKS,1631577600000,3006504,Eosinophils/100 leukocytes in Blood,Measurement,MAPS_TO,,TYKS,1631577600000,
602,L-Eosinophils,-1,,2000800136,L-Eosinofiilit,LABfi_TKU Level 0,Measurement,1970-01-01,2099-12-31,,,0,APPROVED,UNREVIEWED,TYKS,1631577600000,3006504,Eosinophils/100 leukocytes in Blood,Measurement,MAPS_TO,,TYKS,1631577600000,
12708,"fP-Cholesterol, high density lipoproteins, research sample",-1,,2000800137,"fP-Kolesteroli, high density lipoproteiinit,tutkimusnäyte",LABfi_TKU Level 0,Measurement,1970-01-01,2099-12-31,,,0,APPROVED,UNREVIEWED,TYKS,1631577600000,3007070,Cholesterol in HDL [Mass/volume] in Serum or Plasma,Measurement,MAPS_TO,,TYKS,1631577600000,
13090,"S-Celiac disease, screening",-1,,2000800138,"S-Keliakia, seulonta",LABfi_TKU Level 0,Measurement,1970-01-01,2099-12-31,,,0,APPROVED,UNREVIEWED,TYKS,1631577600000,3007164,IgA [Mass/volume] in Serum or Plasma,Measurement,MAPS_TO,,TYKS,1631577600000,
13090,"S-Celiac disease, screening",-1,,2000800138,"S-Keliakia, seulonta",LABfi_TKU Level 0,Measurement,1970-01-01,2099-12-31,,,0,APPROVED,UNREVIEWED,TYKS,1631577600000,3030555,Tissue transglutaminase IgA Ab [Presence] in Serum,Measurement,MAPS_TO,,TYKS,1631577600000,
14325,Total serum IgA with PhadiaPrime,-1,,2000800139,Seerumin kokonais-IgA-pitoisuus PhadiaPrimella,LABfi_TKU Level 0,Measurement,1970-01-01,2099-12-31,,,0,APPROVED,UNREVIEWED,TYKS,1631577600000,3007164,IgA [Mass/volume] in Serum or Plasma,Measurement,MAPS_TO,,TYKS,1631577600000,
13230,Pneumococcal antigen,-1,,2000800140,Pneumokokki antigeeni,LABfi_TKU Level 0,Measurement,1970-01-01,2099-12-31,,,0,APPROVED,UNREVIEWED,TYKS,1631577600000,3007625,Streptococcus pneumoniae Ag [Presence] in Specimen,Measurement,MAPS_TO,,TYKS,1631577600000,
155,vB-Standard Bicarbonate,-1,,2000800141,vB-Standardibikarbonaatti,LABfi_TKU Level 0,Measurement,1970-01-01,2099-12-31,,,0,APPROVED,UNREVIEWED,TYKS,1631577600000,3007628,Bicarbonate [Moles/volume] standard in Venous blood,Measurement,MAPS_TO,,TYKS,1631577600000,
12607,"S-Borrelia, antibodies IgM follow-up study",-1,,2000800142,"S-Borrelia, vasta-aineet IgM jatkotutkimus",LABfi_TKU Level 0,Measurement,1970-01-01,2099-12-31,,,0,APPROVED,UNREVIEWED,TYKS,1631577600000,3008230,Borrelia burgdorferi IgM Ab [Units/volume] in Serum,Measurement,MAPS_TO,,TYKS,1631577600000,
972,"Pujo, IgE antibodies",-1,,2000800143,"Pujo, IgE vasta-aineet",LABfi_TKU Level 0,Measurement,1970-01-01,2099-12-31,,,0,APPROVED,UNREVIEWED,TYKS,1631577600000,3008401,Mugwort IgE Ab [Units/volume] in Serum,Measurement,MAPS_TO,,TYKS,1631577600000,
14275,B-DiffMik,-1,,2000800144,B-DiffMik,LABfi_TKU Level 0,Measurement,1970-01-01,2099-12-31,,,0,APPROVED,UNREVIEWED,TYKS,1631577600000,3008757,Leukocyte morphology finding [Identifier] in Blood,Measurement,MAPS_TO,,TYKS,1631577600000,
398,"B-Leukocyte differential count, (microscan)",-1,,2000800145,"B-Leukosyyttien erittelylaskenta, (mikrosk.)",LABfi_TKU Level 0,Measurement,1970-01-01,2099-12-31,,,0,APPROVED,UNREVIEWED,TYKS,1631577600000,3008757,Leukocyte morphology finding [Identifier] in Blood,Measurement,MAPS_TO,,TYKS,1631577600000,
14157,"Faecal diarrheal viruses, nucleic acid detection (qual)",-1,,2000800146,"Ulosteen ripulivirukset,nukleiinihappo-osoitus (kval)",LABfi_TKU Level 0,Measurement,1970-01-01,2099-12-31,,,0,APPROVED,UNREVIEWED,TYKS,1631577600000,3008909,Norovirus RNA [Presence] in Stool by NAA with probe detection,Measurement,MAPS_TO,,TYKS,1631577600000,
14157,"Faecal diarrheal viruses, nucleic acid detection (qual)",-1,,2000800146,"Ulosteen ripulivirukset,nukleiinihappo-osoitus (kval)",LABfi_TKU Level 0,Measurement,1970-01-01,2099-12-31,,,0,APPROVED,UNREVIEWED,TYKS,1631577600000,36304745,Adenovirus DNA [Presence] in Stool by NAA with probe detection,Measurement,MAPS_TO,,TYKS,1631577600000,
14157,"Faecal diarrheal viruses, nucleic acid detection (qual)",-1,,2000800146,"Ulosteen ripulivirukset,nukleiinihappo-osoitus (kval)",LABfi_TKU Level 0,Measurement,1970-01-01,2099-12-31,,,0,APPROVED,UNREVIEWED,TYKS,1631577600000,37020445,Astrovirus RNA [Presence] in Stool by NAA with probe detection,Measurement,MAPS_TO,,TYKS,1631577600000,
14157,"Faecal diarrheal viruses, nucleic acid detection (qual)",-1,,2000800146,"Ulosteen ripulivirukset,nukleiinihappo-osoitus (kval)",LABfi_TKU Level 0,Measurement,1970-01-01,2099-12-31,,,0,APPROVED,UNREVIEWED,TYKS,1631577600000,37020957,Sapovirus genogroups I+II+IV+V RNA [Presence] in Stool by NAA with probe detection,Measurement,MAPS_TO,,TYKS,1631577600000,
14157,"Faecal diarrheal viruses, nucleic acid detection (qual)",-1,,2000800146,"Ulosteen ripulivirukset,nukleiinihappo-osoitus (kval)",LABfi_TKU Level 0,Measurement,1970-01-01,2099-12-31,,,0,APPROVED,UNREVIEWED,TYKS,1631577600000,42869457,Rotavirus RNA [Identifier] in Stool by NAA with probe detection,Measurement,MAPS_TO,,TYKS,1631577600000,
10512,"P-Cardiolipin, IgG antibodies",-1,,2000800147,"P-Kardiolipiini, IgG vasta-aineet",LABfi_TKU Level 0,Measurement,1970-01-01,2099-12-31,,,0,APPROVED,UNREVIEWED,TYKS,1631577600000,3009041,Cardiolipin IgG Ab [Units/volume] in Serum by Immunoassay,Measurement,MAPS_TO,,TYKS,1631577600000,
800,S-FFA,-1,,2000800148,S-FFA,LABfi_TKU Level 0,Measurement,1970-01-01,2099-12-31,,,0,APPROVED,UNREVIEWED,TYKS,1631577600000,3009471,Fatty acids.nonesterified [Moles/volume] in Serum or Plasma,Measurement,MAPS_TO,,TYKS,1631577600000,
820,"U-CREATININE, METABOLIC",-1,,2000800149,"U-KREATINIINI, METABOLIAN",LABfi_TKU Level 0,Measurement,1970-01-01,2099-12-31,,,0,APPROVED,UNREVIEWED,TYKS,1631577600000,3009508,Creatinine [Moles/volume] in Urine,Measurement,MAPS_TO,,TYKS,1631577600000,
10458,U-CREATININE,-1,,2000800150,U-KREATINIINI,LABfi_TKU Level 0,Measurement,1970-01-01,2099-12-31,,,0,APPROVED,UNREVIEWED,TYKS,1631577600000,3009508,Creatinine [Moles/volume] in Urine,Measurement,MAPS_TO,,TYKS,1631577600000,
113,"S-C-reactive protein, sensitive",-1,,2000800151,"S-C-reaktiivinen proteiini, herkkä",LABfi_TKU Level 0,Measurement,1970-01-01,2099-12-31,,,0,APPROVED,UNREVIEWED,TYKS,1631577600000,3010156,C reactive protein [Mass/volume] in Serum or Plasma by High sensitivity method,Measurement,MAPS_TO,,TYKS,1631577600000,
149,"Horse (dandruff), IgE antibodies",-1,,2000800152,"Hevonen (hilse), IgE vasta-aineet",LABfi_TKU Level 0,Measurement,1970-01-01,2099-12-31,,,0,APPROVED,UNREVIEWED,TYKS,1631577600000,3010726,Horse dander IgE Ab [Units/volume] in Serum,Measurement,MAPS_TO,,TYKS,1631577600000,
13696,"Extensive drug screening, verification level, from urine",-1,,2000800153,"Laaja huumeseulonta, varmistustasoinen, virtsasta",LABfi_TKU Level 0,Measurement,1970-01-01,2099-12-31,,,0,APPROVED,UNREVIEWED,TYKS,1631577600000,3011288,Drugs identified in Urine by Screen method,Measurement,MAPS_TO,,TYKS,1631577600000,
12639,"Parainfluenza 2 virus, nucleic acid detection (qual)",-1,,2000800154,"Parainfluenssa 2 virus, nukleiinihapon osoittaminen (kval)",LABfi_TKU Level 0,Measurement,1970-01-01,2099-12-31,,,0,APPROVED,UNREVIEWED,TYKS,1631577600000,3012158,Parainfluenza virus 2 RNA [Presence] in Specimen by NAA with probe detection,Measurement,MAPS_TO,,TYKS,1631577600000,
198,"Peanut, IgE antibodies",-1,,2000800155,"Maapähkinä, IgE vasta-aineet",LABfi_TKU Level 0,Measurement,1970-01-01,2099-12-31,,,0,APPROVED,UNREVIEWED,TYKS,1631577600000,3012494,Peanut IgE Ab [Units/volume] in Serum,Measurement,MAPS_TO,,TYKS,1631577600000,
10457,U-Albumin,-1,,2000800156,U-Albumiini,LABfi_TKU Level 0,Measurement,1970-01-01,2099-12-31,,,0,APPROVED,UNREVIEWED,TYKS,1631577600000,3012516,Albumin [Mass/volume] in Urine,Measurement,MAPS_TO,,TYKS,1631577600000,
13662,Campylobacter spp. (jejuni&coli),-1,,2000800157,Campylobacter spp. (jejuni&coli),LABfi_TKU Level 0,Measurement,1970-01-01,2099-12-31,,,0,APPROVED,UNREVIEWED,TYKS,1631577600000,3012568,Campylobacter sp identified in Specimen by Organism specific culture,Measurement,MAPS_TO,,TYKS,1631577600000,
14272,"B-Neutrophils, as a separate study",-1,,2000800158,"B-Neutrofiilit,erillistutkimuksena",LABfi_TKU Level 0,Measurement,1970-01-01,2099-12-31,,,0,APPROVED,UNREVIEWED,TYKS,1631577600000,3013650,Neutrophils [#/volume] in Blood by Automated count,Measurement,MAPS_TO,,TYKS,1631577600000,
238,"Dog (dandruff), IgE antibodies",-1,,2000800159,"Koira (hilse), IgE vasta-aineet",LABfi_TKU Level 0,Measurement,1970-01-01,2099-12-31,,,0,APPROVED,UNREVIEWED,TYKS,1631577600000,3014133,Dog dander IgE Ab [Units/volume] in Serum,Measurement,MAPS_TO,,TYKS,1631577600000,
10733,aB-Standard Bicarbonate,-1,,2000800160,aB-Standardibikarbonaatti,LABfi_TKU Level 0,Measurement,1970-01-01,2099-12-31,,,0,APPROVED,UNREVIEWED,TYKS,1631577600000,3014218,Bicarbonate [Moles/volume] standard in Arterial blood,Measurement,MAPS_TO,,TYKS,1631577600000,
153,aB-Standard Bicarbonate,-1,,2000800161,aB-Standardibikarbonaatti,LABfi_TKU Level 0,Measurement,1970-01-01,2099-12-31,,,0,APPROVED,UNREVIEWED,TYKS,1631577600000,3014218,Bicarbonate [Moles/volume] standard in Arterial blood,Measurement,MAPS_TO,,TYKS,1631577600000,
976,"Egg white, IgE antibodies",-1,,2000800162,"Munanvalkuainen, IgE vasta-aineet",LABfi_TKU Level 0,Measurement,1970-01-01,2099-12-31,,,0,APPROVED,UNREVIEWED,TYKS,1631577600000,3014599,Egg white IgE Ab [Units/volume] in Serum,Measurement,MAPS_TO,,TYKS,1631577600000,
10321,Endotoxin,-1,,2000800163,Endotoksiini,LABfi_TKU Level 0,Measurement,1970-01-01,2099-12-31,,,0,APPROVED,UNREVIEWED,TYKS,1631577600000,3015106,Endotoxin identified in Specimen,Measurement,MAPS_TO,,TYKS,1631577600000,
14347,S-Alpha-1 Fraction,-1,,2000800164,S-Alfa-1-fraktio,LABfi_TKU Level 0,Measurement,1970-01-01,2099-12-31,,,0,APPROVED,UNREVIEWED,TYKS,1631577600000,3015322,Alpha 1 globulin [Mass/volume] in Serum or Plasma by Electrophoresis,Measurement,MAPS_TO,,TYKS,1631577600000,
596,fS-Ca-ion/pH 7.40,-1,,2000800165,fS-Ca-ion/pH 7.40,LABfi_TKU Level 0,Measurement,1970-01-01,2099-12-31,,,0,APPROVED,UNREVIEWED,TYKS,1631577600000,3016431,Calcium.ionized [Moles/volume] adjusted to pH 7.4 in Serum or Plasma,Measurement,MAPS_TO,,TYKS,1631577600000,
12608,"S-Borrelia, antibodies IgG further study",-1,,2000800166,"S-Borrelia, vasta-aineet IgG jatkotutkimus",LABfi_TKU Level 0,Measurement,1970-01-01,2099-12-31,,,0,APPROVED,UNREVIEWED,TYKS,1631577600000,3016888,Borrelia burgdorferi IgG Ab [Units/volume] in Serum,Measurement,MAPS_TO,,TYKS,1631577600000,
10871,"Li-Varicella-Zoster virus, nucleic acid (qual)",-1,,2000800167,"Li-Varicella-Zoster virus, nukleiinihappo (kval)",LABfi_TKU Level 0,Measurement,1970-01-01,2099-12-31,,,0,APPROVED,UNREVIEWED,TYKS,1631577600000,3016894,Varicella zoster virus DNA [Presence] in Cerebral spinal fluid by NAA with probe detection,Measurement,MAPS_TO,,TYKS,1631577600000,
344,L-Myelocytes,-1,,2000800168,L-Myelosyytit,LABfi_TKU Level 0,Measurement,1970-01-01,2099-12-31,,,0,APPROVED,UNREVIEWED,TYKS,1631577600000,3017181,Myelocytes/100 leukocytes in Blood,Measurement,MAPS_TO,,TYKS,1631577600000,
347,"L-Neutrophils, scaly",-1,,2000800169,"L-Neutrofiilit, liuskatumaiset",LABfi_TKU Level 0,Measurement,1970-01-01,2099-12-31,,,0,APPROVED,UNREVIEWED,TYKS,1631577600000,3017354,Segmented neutrophils/100 leukocytes in Blood,Measurement,MAPS_TO,,TYKS,1631577600000,
612,L-Neutrophils,-1,,2000800170,L-Neutrofiilit,LABfi_TKU Level 0,Measurement,1970-01-01,2099-12-31,,,0,APPROVED,UNREVIEWED,TYKS,1631577600000,3018010,Neutrophils/100 leukocytes in Blood,Measurement,MAPS_TO,,TYKS,1631577600000,
12647,"S-Testosterone, free, calculated",-1,,2000800171,"S-Testosteroni, vapaa, laskettu",LABfi_TKU Level 0,Measurement,1970-01-01,2099-12-31,,,0,APPROVED,UNREVIEWED,TYKS,1631577600000,3018301,Testosterone Free [Moles/volume] in Serum or Plasma,Measurement,MAPS_TO,,TYKS,1631577600000,
11749,aP-Lactate (artery),-1,,2000800172,aP-Laktaatti (arteria),LABfi_TKU Level 0,Measurement,1970-01-01,2099-12-31,,,0,APPROVED,UNREVIEWED,TYKS,1631577600000,3018405,Lactate [Moles/volume] in Arterial blood,Measurement,MAPS_TO,,TYKS,1631577600000,
12559,"B-Cl, adult potency",-1,,2000800173,"B-Cl, aikuisten teho",LABfi_TKU Level 0,Measurement,1970-01-01,2099-12-31,,,0,APPROVED,UNREVIEWED,TYKS,1631577600000,3018572,Chloride [Moles/volume] in Blood,Measurement,MAPS_TO,,TYKS,1631577600000,
10728,aB-Arterial blood gas analysis,-1,,2000800174,aB-Arteriaverikaasuanalyysi,LABfi_TKU Level 0,Measurement,1970-01-01,2099-12-31,,,0,APPROVED,UNREVIEWED,TYKS,1631577600000,3019060,Gas panel - Arterial blood,Measurement,MAPS_TO,,TYKS,1631577600000,
197,L-Monocytes,-1,,2000800175,L-Monosyytit,LABfi_TKU Level 0,Measurement,1970-01-01,2099-12-31,,,0,APPROVED,UNREVIEWED,TYKS,1631577600000,3019069,Monocytes/100 leukocytes in Blood,Measurement,MAPS_TO,,TYKS,1631577600000,
601,L-Monocytes,-1,,2000800176,L-Monosyytit,LABfi_TKU Level 0,Measurement,1970-01-01,2099-12-31,,,0,APPROVED,UNREVIEWED,TYKS,1631577600000,3019069,Monocytes/100 leukocytes in Blood,Measurement,MAPS_TO,,TYKS,1631577600000,
595,pH,-1,,2000800177,pH,LABfi_TKU Level 0,Measurement,1970-01-01,2099-12-31,,,0,APPROVED,UNREVIEWED,TYKS,1631577600000,3019225,pH of Specimen,Measurement,MAPS_TO,,TYKS,1631577600000,
11496,"Methicillin-resistant Staph. aureus, culture from axillae and groin",-1,,2000800178,"Metisilliiniresistentti Staph. aureus, viljely kainaloista ja nivusista",LABfi_TKU Level 0,Measurement,1970-01-01,2099-12-31,,,0,APPROVED,UNREVIEWED,TYKS,1631577600000,3019902,Methicillin resistant Staphylococcus aureus [Presence] in Specimen by Organism specific culture,Measurement,MAPS_TO,,TYKS,1631577600000,
12520,"U-Infection, research package",-1,,2000800179,"U-Infektio,tutkimuspaketti",LABfi_TKU Level 0,Measurement,1970-01-01,2099-12-31,,,0,APPROVED,UNREVIEWED,TYKS,1631577600000,3020650,Glucose [Presence] in Urine,Measurement,MAPS_TO,,TYKS,1631577600000,
12520,"U-Infection, research package",-1,,2000800179,"U-Infektio,tutkimuspaketti",LABfi_TKU Level 0,Measurement,1970-01-01,2099-12-31,,,0,APPROVED,UNREVIEWED,TYKS,1631577600000,3025987,Albumin [Presence] in Urine,Measurement,MAPS_TO,,TYKS,1631577600000,
12520,"U-Infection, research package",-1,,2000800179,"U-Infektio,tutkimuspaketti",LABfi_TKU Level 0,Measurement,1970-01-01,2099-12-31,,,0,APPROVED,UNREVIEWED,TYKS,1631577600000,3026008,Bacteria identified in Urine by Culture,Measurement,MAPS_TO,,TYKS,1631577600000,
12520,"U-Infection, research package",-1,,2000800179,"U-Infektio,tutkimuspaketti",LABfi_TKU Level 0,Measurement,1970-01-01,2099-12-31,,,0,APPROVED,UNREVIEWED,TYKS,1631577600000,3028893,Ketones [Presence] in Urine,Measurement,MAPS_TO,,TYKS,1631577600000,
12520,"U-Infection, research package",-1,,2000800179,"U-Infektio,tutkimuspaketti",LABfi_TKU Level 0,Measurement,1970-01-01,2099-12-31,,,0,APPROVED,UNREVIEWED,TYKS,1631577600000,3033543,Specific gravity of Urine,Measurement,MAPS_TO,,TYKS,1631577600000,
12520,"U-Infection, research package",-1,,2000800179,"U-Infektio,tutkimuspaketti",LABfi_TKU Level 0,Measurement,1970-01-01,2099-12-31,,,0,APPROVED,UNREVIEWED,TYKS,1631577600000,3042812,Nitrite [Presence] in Urine,Measurement,MAPS_TO,,TYKS,1631577600000,
12520,"U-Infection, research package",-1,,2000800179,"U-Infektio,tutkimuspaketti",LABfi_TKU Level 0,Measurement,1970-01-01,2099-12-31,,,0,APPROVED,UNREVIEWED,TYKS,1631577600000,3045414,Leukocytes [Presence] in Urine,Measurement,MAPS_TO,,TYKS,1631577600000,
12520,"U-Infection, research package",-1,,2000800179,"U-Infektio,tutkimuspaketti",LABfi_TKU Level 0,Measurement,1970-01-01,2099-12-31,,,0,APPROVED,UNREVIEWED,TYKS,1631577600000,3045424,Erythrocytes [Presence] in Urine,Measurement,MAPS_TO,,TYKS,1631577600000,
12520,"U-Infection, research package",-1,,2000800179,"U-Infektio,tutkimuspaketti",LABfi_TKU Level 0,Measurement,1970-01-01,2099-12-31,,,0,APPROVED,UNREVIEWED,TYKS,1631577600000,40761501,Specimen pH acceptable of Urine,Measurement,MAPS_TO,,TYKS,1631577600000,
11500,"Before dialysis, P-UREA",-1,,2000800180,"Ennen dialyysiä, P-UREA",LABfi_TKU Level 0,Measurement,1970-01-01,2099-12-31,,,0,APPROVED,UNREVIEWED,TYKS,1631577600000,3020779,Urea [Moles/volume] in Serum or Plasma,Measurement,MAPS_TO,,TYKS,1631577600000,
11501,"After dialysis, P-UREA",-1,,2000800181,"Dialyysin jälkeen, P-UREA",LABfi_TKU Level 0,Measurement,1970-01-01,2099-12-31,,,0,APPROVED,UNREVIEWED,TYKS,1631577600000,3020779,Urea [Moles/volume] in Serum or Plasma,Measurement,MAPS_TO,,TYKS,1631577600000,
10280,Se-Urea,-1,,2000800182,Se-Urea,LABfi_TKU Level 0,Measurement,1970-01-01,2099-12-31,,,0,APPROVED,UNREVIEWED,TYKS,1631577600000,3020779,Urea [Moles/volume] in Serum or Plasma,Measurement,MAPS_TO,,TYKS,1631577600000,
11777,Li-Lymphocytes,-1,,2000800183,Li-Lymfosyytit,LABfi_TKU Level 0,Measurement,1970-01-01,2099-12-31,,,0,APPROVED,UNREVIEWED,TYKS,1631577600000,3020951,Lymphocytes/100 leukocytes in Cerebral spinal fluid,Measurement,MAPS_TO,,TYKS,1631577600000,
597,"S-Calcium, ionized",-1,,2000800184,"S-Kalsium, ionisoitunut",LABfi_TKU Level 0,Measurement,1970-01-01,2099-12-31,,,0,APPROVED,UNREVIEWED,TYKS,1631577600000,3021347,Calcium.ionized [Moles/volume] in Serum or Plasma,Measurement,MAPS_TO,,TYKS,1631577600000,
343,L-Promyelocytes,-1,,2000800185,L-Promyelosyytit,LABfi_TKU Level 0,Measurement,1970-01-01,2099-12-31,,,0,APPROVED,UNREVIEWED,TYKS,1631577600000,3021440,Promyelocytes/100 leukocytes in Blood,Measurement,MAPS_TO,,TYKS,1631577600000,
599,L-Basophils,-1,,2000800186,L-Basofiilit,LABfi_TKU Level 0,Measurement,1970-01-01,2099-12-31,,,0,APPROVED,UNREVIEWED,TYKS,1631577600000,3022096,Basophils/100 leukocytes in Blood,Measurement,MAPS_TO,,TYKS,1631577600000,
603,L-Basophils,-1,,2000800187,L-Basofiilit,LABfi_TKU Level 0,Measurement,1970-01-01,2099-12-31,,,0,APPROVED,UNREVIEWED,TYKS,1631577600000,3022096,Basophils/100 leukocytes in Blood,Measurement,MAPS_TO,,TYKS,1631577600000,
10735,aB-Oxygen saturation (hemoglobin),-1,,2000800188,aB-Happikyllästeisyys (hemoglobiini),LABfi_TKU Level 0,Measurement,1970-01-01,2099-12-31,,,0,APPROVED,UNREVIEWED,TYKS,1631577600000,3022803,Oxygen [Partial pressure] adjusted to patient's actual temperature in Arterial blood,Measurement,MAPS_TO,,TYKS,1631577600000,
984,"Dermatophagoides pteronyssinus, IgE antibodies",-1,,2000800189,"Dermatophagoides pteronyssinus, IgE vasta-aineet",LABfi_TKU Level 0,Measurement,1970-01-01,2099-12-31,,,0,APPROVED,UNREVIEWED,TYKS,1631577600000,3023351,European house dust mite IgE Ab [Units/volume] in Serum,Measurement,MAPS_TO,,TYKS,1631577600000,
780,Pf-Lactate,-1,,2000800190,Pf-Laktaatti,LABfi_TKU Level 0,Measurement,1970-01-01,2099-12-31,,,0,APPROVED,UNREVIEWED,TYKS,1631577600000,3023383,Lactate [Moles/volume] in Pleural fluid,Measurement,MAPS_TO,,TYKS,1631577600000,
974,"Cat, IgE antibodies",-1,,2000800191,"Kissa, IgE vasta-aineet",LABfi_TKU Level 0,Measurement,1970-01-01,2099-12-31,,,0,APPROVED,UNREVIEWED,TYKS,1631577600000,3023430,Cat dander IgE Ab [Units/volume] in Serum,Measurement,MAPS_TO,,TYKS,1631577600000,
14351,S-Gamma Fraction,-1,,2000800192,S-Gamma-fraktio,LABfi_TKU Level 0,Measurement,1970-01-01,2099-12-31,,,0,APPROVED,UNREVIEWED,TYKS,1631577600000,3023465,Gamma globulin [Mass/volume] in Serum or Plasma by Electrophoresis,Measurement,MAPS_TO,,TYKS,1631577600000,
581,S-Growth hormone,-1,,2000800193,S-Kasvuhormoni,LABfi_TKU Level 0,Measurement,1970-01-01,2099-12-31,,,0,APPROVED,UNREVIEWED,TYKS,1631577600000,3023709,Somatotropin [Mass/volume] in Serum or Plasma,Measurement,MAPS_TO,,TYKS,1631577600000,
13660,Salmonella spp.,-1,,2000800194,Salmonella spp.,LABfi_TKU Level 0,Measurement,1970-01-01,2099-12-31,,,0,APPROVED,UNREVIEWED,TYKS,1631577600000,3024522,Salmonella sp identified in Specimen by Organism specific culture,Measurement,MAPS_TO,,TYKS,1631577600000,
11103,"S-Albumin, index",-1,,2000800195,"S-Albumiini, indeksi",LABfi_TKU Level 0,Measurement,1970-01-01,2099-12-31,,,0,APPROVED,UNREVIEWED,TYKS,1631577600000,3024561,Albumin [Mass/volume] in Serum or Plasma,Measurement,MAPS_TO,,TYKS,1631577600000,
342,L-Blasts,-1,,2000800196,L-Blastit,LABfi_TKU Level 0,Measurement,1970-01-01,2099-12-31,,,0,APPROVED,UNREVIEWED,TYKS,1631577600000,3025159,Blasts/100 leukocytes in Blood,Measurement,MAPS_TO,,TYKS,1631577600000,
970,"Phadiatop (dust mixture), IgE antibodies",-1,,2000800197,"Phadiatop (pölysekoitus), IgE vasta-aineet",LABfi_TKU Level 0,Measurement,1970-01-01,2099-12-31,,,0,APPROVED,UNREVIEWED,TYKS,1631577600000,3025443,Phadiatop IgE Ab [Units/volume] in Serum,Measurement,MAPS_TO,,TYKS,1631577600000,
13661,Yersinia,-1,,2000800198,Yersinia,LABfi_TKU Level 0,Measurement,1970-01-01,2099-12-31,,,0,APPROVED,UNREVIEWED,TYKS,1631577600000,3025468,Yersinia sp identified in Specimen by Organism specific culture,Measurement,MAPS_TO,,TYKS,1631577600000,
13262,Thyroglobulin va,-1,,2000800199,Tyreoglobuliini va,LABfi_TKU Level 0,Measurement,1970-01-01,2099-12-31,,,0,APPROVED,UNREVIEWED,TYKS,1631577600000,3025547,Thyroglobulin Ab [Units/volume] in Serum or Plasma,Measurement,MAPS_TO,,TYKS,1631577600000,
13008,B-ChromiumCobaltTitanium,-1,,2000800200,B-KromiKobolttiTitaani,LABfi_TKU Level 0,Measurement,1970-01-01,2099-12-31,,,0,APPROVED,UNREVIEWED,TYKS,1631577600000,3025577,Chromium [Mass/volume] in Blood,Measurement,MAPS_TO,,TYKS,1631577600000,
13008,B-ChromiumCobaltTitanium,-1,,2000800200,B-KromiKobolttiTitaani,LABfi_TKU Level 0,Measurement,1970-01-01,2099-12-31,,,0,APPROVED,UNREVIEWED,TYKS,1631577600000,3026470,Cobalt [Mass/volume] in Blood,Measurement,MAPS_TO,,TYKS,1631577600000,
13008,B-ChromiumCobaltTitanium,-1,,2000800200,B-KromiKobolttiTitaani,LABfi_TKU Level 0,Measurement,1970-01-01,2099-12-31,,,0,APPROVED,UNREVIEWED,TYKS,1631577600000,40762814,Titanium [Mass/volume] in Blood,Measurement,MAPS_TO,,TYKS,1631577600000,
13010,B-Chrome,-1,,2000800201,B-Kromi,LABfi_TKU Level 0,Measurement,1970-01-01,2099-12-31,,,0,APPROVED,UNREVIEWED,TYKS,1631577600000,3025577,Chromium [Mass/volume] in Blood,Measurement,MAPS_TO,,TYKS,1631577600000,
12638,"Parainfluenza 1 virus, nucleic acid detection (qual)",-1,,2000800202,"Parainfluenssa 1 virus, nukleiinihapon osoittaminen (kval)",LABfi_TKU Level 0,Measurement,1970-01-01,2099-12-31,,,0,APPROVED,UNREVIEWED,TYKS,1631577600000,3025634,Parainfluenza virus 1 RNA [Presence] in Specimen by NAA with probe detection,Measurement,MAPS_TO,,TYKS,1631577600000,
10496,Se-Creatinine,-1,,2000800203,Se-Kreatiniini,LABfi_TKU Level 0,Measurement,1970-01-01,2099-12-31,,,0,APPROVED,UNREVIEWED,TYKS,1631577600000,3026726,Creatinine [Moles/volume] in Specimen,Measurement,MAPS_TO,,TYKS,1631577600000,
979,"Wheat (food), IgE antibodies",-1,,2000800204,"Vehnä (ruoka-aine), IgE vasta-aineet",LABfi_TKU Level 0,Measurement,1970-01-01,2099-12-31,,,0,APPROVED,UNREVIEWED,TYKS,1631577600000,3027231,Wheat IgE Ab [Units/volume] in Serum,Measurement,MAPS_TO,,TYKS,1631577600000,
971,"Birch, IgE antibodies",-1,,2000800205,"Koivu, IgE vasta-aineet",LABfi_TKU Level 0,Measurement,1970-01-01,2099-12-31,,,0,APPROVED,UNREVIEWED,TYKS,1631577600000,3027300,Silver Birch IgE Ab [Units/volume] in Serum,Measurement,MAPS_TO,,TYKS,1631577600000,
971,"Birch, IgE antibodies",-1,,2000800205,"Koivu, IgE vasta-aineet",LABfi_TKU Level 0,Measurement,1970-01-01,2099-12-31,,,0,APPROVED,UNREVIEWED,TYKS,1631577600000,3034683,White Birch IgE Ab [Units/volume] in Serum,Measurement,MAPS_TO,,TYKS,1631577600000,
10731,aB-Oxygen partial pressure,-1,,2000800206,aB-Happiosapaine,LABfi_TKU Level 0,Measurement,1970-01-01,2099-12-31,,,0,APPROVED,UNREVIEWED,TYKS,1631577600000,3027801,Oxygen [Partial pressure] in Arterial blood,Measurement,MAPS_TO,,TYKS,1631577600000,
576,P-C peptide,-1,,2000800207,P-C-peptidi,LABfi_TKU Level 0,Measurement,1970-01-01,2099-12-31,,,0,APPROVED,UNREVIEWED,TYKS,1631577600000,3027923,C peptide [Moles/volume] in Serum or Plasma,Measurement,MAPS_TO,,TYKS,1631577600000,
10732,aB-Carbon dioxide partial pressure,-1,,2000800208,aB-Hiilidioksidiosapaine,LABfi_TKU Level 0,Measurement,1970-01-01,2099-12-31,,,0,APPROVED,UNREVIEWED,TYKS,1631577600000,3027946,Carbon dioxide [Partial pressure] in Arterial blood,Measurement,MAPS_TO,,TYKS,1631577600000,
10823,B-CD4 positive T lymphocytes,-1,,2000800209,B-CD4-positiiviset T-lymfosyytit,LABfi_TKU Level 0,Measurement,1970-01-01,2099-12-31,,,0,APPROVED,UNREVIEWED,TYKS,1631577600000,3028167,CD3+CD4+ (T4 helper) cells [#/volume] in Blood,Measurement,MAPS_TO,,TYKS,1631577600000,
10834,B Aptitude Test,-1,,2000800210,B-Sopivuuskoe,LABfi_TKU Level 0,Measurement,1970-01-01,2099-12-31,,,0,APPROVED,UNREVIEWED,TYKS,1631577600000,3029396,Erythrocyte agglutination [Presence] in Blood,Measurement,MAPS_TO,,TYKS,1631577600000,
10730,aB-Acidity,-1,,2000800211,aB-Happamuusaste,LABfi_TKU Level 0,Measurement,1970-01-01,2099-12-31,,,0,APPROVED,UNREVIEWED,TYKS,1631577600000,3029473,pH of Arterial blood adjusted to patient's actual temperature,Measurement,MAPS_TO,,TYKS,1631577600000,
14352,S-Mkomp-1,-1,,2000800212,S-Mkomp-1,LABfi_TKU Level 0,Measurement,1970-01-01,2099-12-31,,,0,APPROVED,UNREVIEWED,TYKS,1631577600000,3029713,Protein.monoclonal band 1 [Mass/volume] in Serum or Plasma by Electrophoresis,Measurement,MAPS_TO,,TYKS,1631577600000,
11063,B-CD3 positive T lymphocytes,-1,,2000800213,B-CD3-positiiviset T-lymfosyytit,LABfi_TKU Level 0,Measurement,1970-01-01,2099-12-31,,,0,APPROVED,UNREVIEWED,TYKS,1631577600000,3030505,CD3+CD57+ cells [#/volume] in Blood,Measurement,MAPS_TO,,TYKS,1631577600000,
12379,B-Everolimusi,-1,,2000800214,B-Everolimuusi,LABfi_TKU Level 0,Measurement,1970-01-01,2099-12-31,,,0,APPROVED,UNREVIEWED,TYKS,1631577600000,3030703,Everolimus [Mass/volume] in Blood,Measurement,MAPS_TO,,TYKS,1631577600000,
14349,S-Beta-1 Fraction,-1,,2000800215,S-Beta-1-fraktio,LABfi_TKU Level 0,Measurement,1970-01-01,2099-12-31,,,0,APPROVED,UNREVIEWED,TYKS,1631577600000,3030947,Beta 1 globulin/Protein.total in Serum or Plasma by Electrophoresis,Measurement,MAPS_TO,,TYKS,1631577600000,
13538,F-Clostridium difficile screening,-1,,2000800216,F-Clostridium difficile-seulonta,LABfi_TKU Level 0,Measurement,1970-01-01,2099-12-31,,,0,APPROVED,UNREVIEWED,TYKS,1631577600000,3032057,Clostridioides difficile [Presence] in Stool,Measurement,MAPS_TO,,TYKS,1631577600000,
11943,"S-Neutrophil cytoplasmic antigen, antibody test",-1,,2000800217,"S-Neutrofiilien sytoplasma-antigeeni, vasta-ainetutkimus",LABfi_TKU Level 0,Measurement,1970-01-01,2099-12-31,,,0,APPROVED,UNREVIEWED,TYKS,1631577600000,3032077,Neutrophil cytoplasmic Ab [Presence] in Serum by Immunofluorescence,Measurement,MAPS_TO,,TYKS,1631577600000,
11943,"S-Neutrophil cytoplasmic antigen, antibody test",-1,,2000800217,"S-Neutrofiilien sytoplasma-antigeeni, vasta-ainetutkimus",LABfi_TKU Level 0,Measurement,1970-01-01,2099-12-31,,,0,APPROVED,UNREVIEWED,TYKS,1631577600000,40760887,Myeloperoxidase Ab and Proteinase 3 panel - Serum,Measurement,MAPS_TO,,TYKS,1631577600000,
10100,"Yersinia enterocolitica III, IgM antibodies",-1,,2000800218,"Yersinia enterocolitica III, IgM vasta-aineet",LABfi_TKU Level 0,Measurement,1970-01-01,2099-12-31,,,0,APPROVED,UNREVIEWED,TYKS,1631577600000,3033093,Yersinia sp IgM Ab [Titer] in Serum,Measurement,MAPS_TO,,TYKS,1631577600000,
10103,"Yersinia enterocolitica IX, IgM antibodies",-1,,2000800219,"Yersinia enterocolitica IX, IgM vasta-aineet",LABfi_TKU Level 0,Measurement,1970-01-01,2099-12-31,,,0,APPROVED,UNREVIEWED,TYKS,1631577600000,3033093,Yersinia sp IgM Ab [Titer] in Serum,Measurement,MAPS_TO,,TYKS,1631577600000,
13496,"Streptococcus pyogenes (A),detection test",-1,,2000800220,"Streptococcus pyogenes (A),osoituskoe",LABfi_TKU Level 0,Measurement,1970-01-01,2099-12-31,,,0,APPROVED,UNREVIEWED,TYKS,1631577600000,3033319,Streptococcus pyogenes Ag [Presence] in Throat,Measurement,MAPS_TO,,TYKS,1631577600000,
20154,"S-Centromere P, antibodies",-1,,2000800221,"S-Sentromeeri P, vasta-aineet",LABfi_TKU Level 0,Measurement,1970-01-01,2099-12-31,,,0,APPROVED,UNREVIEWED,TYKS,1631577600000,3038026,Centromere Ab [Units/volume] in Serum,Measurement,MAPS_TO,,TYKS,1631577600000,
13206,"Parainfluenza 4 virus, nucleic acid assay",-1,,2000800222,"Parainfluenssa 4 virus, nukleiinihapon osoitus",LABfi_TKU Level 0,Measurement,1970-01-01,2099-12-31,,,0,APPROVED,UNREVIEWED,TYKS,1631577600000,3038297,Parainfluenza virus 4 RNA [Presence] in Specimen by NAA with probe detection,Measurement,MAPS_TO,,TYKS,1631577600000,
13205,"Coronavirus OC43, nucleic acid detection",-1,,2000800223,"Koronavirus OC43, nukleiinihapon osoitus",LABfi_TKU Level 0,Measurement,1970-01-01,2099-12-31,,,0,APPROVED,UNREVIEWED,TYKS,1631577600000,3038546,Human coronavirus OC43 RNA [Presence] in Specimen by NAA with probe detection,Measurement,MAPS_TO,,TYKS,1631577600000,
10106,"Yersinia pseudotuberculosa IA, IgM antibodies",-1,,2000800224,"Yersinia pseudotuberculosa IA, IgM vasta-aineet",LABfi_TKU Level 0,Measurement,1970-01-01,2099-12-31,,,0,APPROVED,UNREVIEWED,TYKS,1631577600000,3038714,Yersinia pseudotuberculosis Ab [Titer] in Serum by Agglutination,Measurement,MAPS_TO,,TYKS,1631577600000,
11056,"Methicillin resistant Staph. aureus, nasal culture",-1,,2000800225,"Metisilliini resistentti Staph. aureus, viljely nenästä",LABfi_TKU Level 0,Measurement,1970-01-01,2099-12-31,,,0,APPROVED,UNREVIEWED,TYKS,1631577600000,3039355,Methicillin resistant Staphylococcus aureus [Presence] in Nose by Organism specific culture,Measurement,MAPS_TO,,TYKS,1631577600000,
12584,"Methicillin-resistant Staphylococcus aureus (MRSA), screening culture",-1,,2000800226,"Metisilliiniresistentin Staphylococcus aureus (MRSA), seulontaviljely",LABfi_TKU Level 0,Measurement,1970-01-01,2099-12-31,,,0,APPROVED,UNREVIEWED,TYKS,1631577600000,3039355,Methicillin resistant Staphylococcus aureus [Presence] in Nose by Organism specific culture,Measurement,MAPS_TO,,TYKS,1631577600000,
12584,"Methicillin-resistant Staphylococcus aureus (MRSA), screening culture",-1,,2000800226,"Metisilliiniresistentin Staphylococcus aureus (MRSA), seulontaviljely",LABfi_TKU Level 0,Measurement,1970-01-01,2099-12-31,,,0,APPROVED,UNREVIEWED,TYKS,1631577600000,3050898,Methicillin resistant Staphylococcus aureus [Presence] in Genital specimen by Organism specific culture,Measurement,MAPS_TO,,TYKS,1631577600000,
12584,"Methicillin-resistant Staphylococcus aureus (MRSA), screening culture",-1,,2000800226,"Metisilliiniresistentin Staphylococcus aureus (MRSA), seulontaviljely",LABfi_TKU Level 0,Measurement,1970-01-01,2099-12-31,,,0,APPROVED,UNREVIEWED,TYKS,1631577600000,46235760,Methicillin resistant Staphylococcus aureus [Presence] in Pharynx by Organism specific culture,Measurement,MAPS_TO,,TYKS,1631577600000,
14252,"MRSA culture, nose+pharynx",-1,,2000800227,"MRSA-viljely, nenä+nielu",LABfi_TKU Level 0,Measurement,1970-01-01,2099-12-31,,,0,APPROVED,UNREVIEWED,TYKS,1631577600000,3039355,Methicillin resistant Staphylococcus aureus [Presence] in Nose by Organism specific culture,Measurement,MAPS_TO,,TYKS,1631577600000,
14252,"MRSA culture, nose+pharynx",-1,,2000800227,"MRSA-viljely, nenä+nielu",LABfi_TKU Level 0,Measurement,1970-01-01,2099-12-31,,,0,APPROVED,UNREVIEWED,TYKS,1631577600000,46235760,Methicillin resistant Staphylococcus aureus [Presence] in Pharynx by Organism specific culture,Measurement,MAPS_TO,,TYKS,1631577600000,
10101,"Yersinia enterocolitica III, IgA antibodies",-1,,2000800228,"Yersinia enterocolitica III, IgA vasta-aineet",LABfi_TKU Level 0,Measurement,1970-01-01,2099-12-31,,,0,APPROVED,UNREVIEWED,TYKS,1631577600000,3039817,Yersinia enterocolitica IgA Ab [Presence] in Serum,Measurement,MAPS_TO,,TYKS,1631577600000,
10104,"Yersinia enterocolitica IX, IgA antibodies",-1,,2000800229,"Yersinia enterocolitica IX, IgA vasta-aineet",LABfi_TKU Level 0,Measurement,1970-01-01,2099-12-31,,,0,APPROVED,UNREVIEWED,TYKS,1631577600000,3039817,Yersinia enterocolitica IgA Ab [Presence] in Serum,Measurement,MAPS_TO,,TYKS,1631577600000,
13204,"Coronavirus NL63, nucleic acid detection",-1,,2000800230,"Koronavirus NL63, nukleiinihapon osoitus",LABfi_TKU Level 0,Measurement,1970-01-01,2099-12-31,,,0,APPROVED,UNREVIEWED,TYKS,1631577600000,3040359,Human coronavirus NL63 RNA [Presence] in Specimen by NAA with probe detection,Measurement,MAPS_TO,,TYKS,1631577600000,
12032,"Np-Rhino-entero-RS virus, nucleic acid assay (qual)",-1,,2000800231,"Np-Rino-entero-RS-virus, nukleiinihapon osoitus (kval)",LABfi_TKU Level 0,Measurement,1970-01-01,2099-12-31,,,0,APPROVED,UNREVIEWED,TYKS,1631577600000,3040684,Rhinovirus+Enterovirus RNA [Presence] in Specimen by NAA with probe detection,Measurement,MAPS_TO,,TYKS,1631577600000,
12032,"Np-Rhino-entero-RS virus, nucleic acid assay (qual)",-1,,2000800231,"Np-Rino-entero-RS-virus, nukleiinihapon osoitus (kval)",LABfi_TKU Level 0,Measurement,1970-01-01,2099-12-31,,,0,APPROVED,UNREVIEWED,TYKS,1631577600000,3044254,Respiratory syncytial virus RNA [Presence] in Specimen by NAA with probe detection,Measurement,MAPS_TO,,TYKS,1631577600000,
10109,"S-Yersinia pseudotuberculosa III, IgM antibodies",-1,,2000800232,"S-Yersinia pseudotuberculosa III, IgM vasta-aineet",LABfi_TKU Level 0,Measurement,1970-01-01,2099-12-31,,,0,APPROVED,UNREVIEWED,TYKS,1631577600000,3040944,Yersinia pseudotuberculosis 3 Ab [Titer] in Serum,Measurement,MAPS_TO,,TYKS,1631577600000,
13755,"S-Sjögren syndrome, A (Ro52) antibodies",-1,,2000800233,"S-Sjögrenin syndroma, A (Ro52)-vasta-aineet",LABfi_TKU Level 0,Measurement,1970-01-01,2099-12-31,,,0,APPROVED,UNREVIEWED,TYKS,1631577600000,3041067,Sjogrens syndrome-A extractable nuclear 52kD Ab [Units/volume] in Serum,Measurement,MAPS_TO,,TYKS,1631577600000,
13756,"S-Sjögren syndrome, A (Ro60) antibodies",-1,,2000800234,"S-Sjögrenin syndroma, A (Ro60)-vasta-aineet",LABfi_TKU Level 0,Measurement,1970-01-01,2099-12-31,,,0,APPROVED,UNREVIEWED,TYKS,1631577600000,3041423,Sjogrens syndrome-A extractable nuclear 60kD Ab [Units/volume] in Serum,Measurement,MAPS_TO,,TYKS,1631577600000,
11678,fP-Collagen I beta-carboxy terminal telopeptide,-1,,2000800235,fP-Kollageeni I:n beta-karboksiterminaalinen telopeptidi,LABfi_TKU Level 0,Measurement,1970-01-01,2099-12-31,,,0,APPROVED,UNREVIEWED,TYKS,1631577600000,3041449,Collagen crosslinked C-telopeptide [Mass/volume] in Serum or Plasma,Measurement,MAPS_TO,,TYKS,1631577600000,
13203,"Coronavirus 229E, nucleic acid detection",-1,,2000800236,"Koronavirus 229E, nukleiinihapon osoitus",LABfi_TKU Level 0,Measurement,1970-01-01,2099-12-31,,,0,APPROVED,UNREVIEWED,TYKS,1631577600000,3041642,Human coronavirus 229E RNA [Presence] in Specimen by NAA with probe detection,Measurement,MAPS_TO,,TYKS,1631577600000,
13150,"S-Hepatitis C virus, IgG antibodies",-1,,2000800237,"S-Hepatiitti C-virus, IgG vasta-aineet",LABfi_TKU Level 0,Measurement,1970-01-01,2099-12-31,,,0,APPROVED,UNREVIEWED,TYKS,1631577600000,3041870,Hepatitis C virus IgG Ab [Presence] in Serum or Plasma by Immunoassay,Measurement,MAPS_TO,,TYKS,1631577600000,
25052,"Metapneumovirus, nucleic acid assay",-1,,2000800238,"Metapneumovirus, nukleiinihapon osoitus",LABfi_TKU Level 0,Measurement,1970-01-01,2099-12-31,,,0,APPROVED,UNREVIEWED,TYKS,1631577600000,3042194,Human metapneumovirus RNA [Presence] in Specimen by NAA with probe detection,Measurement,MAPS_TO,,TYKS,1631577600000,
10110,"S-Yersinia pseudotuberculosa III, IgA antibodies",-1,,2000800239,"S-Yersinia pseudotuberculosa III, IgA vasta-aineet",LABfi_TKU Level 0,Measurement,1970-01-01,2099-12-31,,,0,APPROVED,UNREVIEWED,TYKS,1631577600000,3042341,Yersinia pseudotuberculosis Ab [Presence] in Serum,Measurement,MAPS_TO,,TYKS,1631577600000,
10111,"S-Yersinia pseudotuberculosa III, IgG antibodies",-1,,2000800240,"S-Yersinia pseudotuberculosa III, IgG vasta-aineet",LABfi_TKU Level 0,Measurement,1970-01-01,2099-12-31,,,0,APPROVED,UNREVIEWED,TYKS,1631577600000,3042341,Yersinia pseudotuberculosis Ab [Presence] in Serum,Measurement,MAPS_TO,,TYKS,1631577600000,
11776,Li-Granulocytes,-1,,2000800241,Li-Granulosyytit,LABfi_TKU Level 0,Measurement,1970-01-01,2099-12-31,,,0,APPROVED,UNREVIEWED,TYKS,1631577600000,3042847,Granulocytes/100 leukocytes in Cerebral spinal fluid,Measurement,MAPS_TO,,TYKS,1631577600000,
14350,S-Beta-2 Fraction,-1,,2000800242,S-Beta-2-fraktio,LABfi_TKU Level 0,Measurement,1970-01-01,2099-12-31,,,0,APPROVED,UNREVIEWED,TYKS,1631577600000,3043747,Beta 2 globulin [Mass/volume] in Serum or Plasma by Electrophoresis,Measurement,MAPS_TO,,TYKS,1631577600000,
25051,RSVNhO,-1,,2000800243,RSVNhO,LABfi_TKU Level 0,Measurement,1970-01-01,2099-12-31,,,0,APPROVED,UNREVIEWED,TYKS,1631577600000,3044254,Respiratory syncytial virus RNA [Presence] in Specimen by NAA with probe detection,Measurement,MAPS_TO,,TYKS,1631577600000,
827,P-LH and FSH ratio,-1,,2000800244,P-LH:n ja FSH:n suhde,LABfi_TKU Level 0,Measurement,1970-01-01,2099-12-31,,,0,APPROVED,UNREVIEWED,TYKS,1631577600000,3045209,Lutropin/Follitropin [Ratio] in Serum or Plasma,Measurement,MAPS_TO,,TYKS,1631577600000,
591,P-Potassium + Sodium,-1,,2000800245,P-Kalium + Natrium,LABfi_TKU Level 0,Measurement,1970-01-01,2099-12-31,,,0,APPROVED,UNREVIEWED,TYKS,1631577600000,3045783,Sodium and Potassium panel [Moles/volume] - Serum or Plasma,Measurement,MAPS_TO,,TYKS,1631577600000,
11845,S-Paraprotein,-1,,2000800246,S-Paraproteiini,LABfi_TKU Level 0,Measurement,1970-01-01,2099-12-31,,,0,APPROVED,UNREVIEWED,TYKS,1631577600000,3046299,Protein.monoclonal [Mass/volume] in Serum or Plasma by Electrophoresis,Measurement,MAPS_TO,,TYKS,1631577600000,
13231,B-Newborn metabolic disease screening,-1,,2000800247,B-Vastasyntyneiden aineenvaihduntasairauksien seulonta,LABfi_TKU Level 0,Measurement,1970-01-01,2099-12-31,,,0,APPROVED,UNREVIEWED,TYKS,1631577600000,3050693,Congenital adrenal hyperplasia newborn screen interpretation,Measurement,MAPS_TO,,TYKS,1631577600000,
13231,B-Newborn metabolic disease screening,-1,,2000800247,B-Vastasyntyneiden aineenvaihduntasairauksien seulonta,LABfi_TKU Level 0,Measurement,1970-01-01,2099-12-31,,,0,APPROVED,UNREVIEWED,TYKS,1631577600000,3051633,Fatty acid oxidation defects newborn screen interpretation,Measurement,MAPS_TO,,TYKS,1631577600000,
13231,B-Newborn metabolic disease screening,-1,,2000800247,B-Vastasyntyneiden aineenvaihduntasairauksien seulonta,LABfi_TKU Level 0,Measurement,1970-01-01,2099-12-31,,,0,APPROVED,UNREVIEWED,TYKS,1631577600000,3051960,Phenylketonuria and variants/Biopterin defects newborn screen interpretation,Measurement,MAPS_TO,,TYKS,1631577600000,
13231,B-Newborn metabolic disease screening,-1,,2000800247,B-Vastasyntyneiden aineenvaihduntasairauksien seulonta,LABfi_TKU Level 0,Measurement,1970-01-01,2099-12-31,,,0,APPROVED,UNREVIEWED,TYKS,1631577600000,3052281,Organic acidemias newborn screen interpretation,Measurement,MAPS_TO,,TYKS,1631577600000,
13231,B-Newborn metabolic disease screening,-1,,2000800247,B-Vastasyntyneiden aineenvaihduntasairauksien seulonta,LABfi_TKU Level 0,Measurement,1970-01-01,2099-12-31,,,0,APPROVED,UNREVIEWED,TYKS,1631577600000,40765068,Severe combined immunodeficiency newborn screen interpretation,Measurement,MAPS_TO,,TYKS,1631577600000,
11060,"Methicillin resistant Staph. aureus, culture from perineum",-1,,2000800248,"Metisilliini resistentti Staph. aureus, viljely perineumista",LABfi_TKU Level 0,Measurement,1970-01-01,2099-12-31,,,0,APPROVED,UNREVIEWED,TYKS,1631577600000,3050898,Methicillin resistant Staphylococcus aureus [Presence] in Genital specimen by Organism specific culture,Measurement,MAPS_TO,,TYKS,1631577600000,
14253,"MRSA culture, perineum",-1,,2000800249,"MRSA-viljely, perineum",LABfi_TKU Level 0,Measurement,1970-01-01,2099-12-31,,,0,APPROVED,UNREVIEWED,TYKS,1631577600000,3050898,Methicillin resistant Staphylococcus aureus [Presence] in Genital specimen by Organism specific culture,Measurement,MAPS_TO,,TYKS,1631577600000,
12518,"Clostridium difficile, genotyping",-1,,2000800250,"Clostridium difficile, genotyypitys",LABfi_TKU Level 0,Measurement,1970-01-01,2099-12-31,,,0,APPROVED,UNREVIEWED,TYKS,1631577600000,3051552,Clostridioides difficile toxin genes [Presence] in Stool by NAA with probe detection,Measurement,MAPS_TO,,TYKS,1631577600000,
11451,"cB-INR, rapid determination",-1,,2000800251,"cB-INR, pikamääritys",LABfi_TKU Level 0,Measurement,1970-01-01,2099-12-31,,,0,APPROVED,UNREVIEWED,TYKS,1631577600000,3051593,INR in Capillary blood by Coagulation assay,Measurement,MAPS_TO,,TYKS,1631577600000,
12528,"F-Norovirus, antigen",-1,,2000800252,"F-Norovirus, antigeeni",LABfi_TKU Level 0,Measurement,1970-01-01,2099-12-31,,,0,APPROVED,UNREVIEWED,TYKS,1631577600000,3052592,Norovirus Ag [Presence] in Stool,Measurement,MAPS_TO,,TYKS,1631577600000,
11137,Ps-Streptocult,-1,,2000800253,Ps-Streptocult,LABfi_TKU Level 0,Measurement,1970-01-01,2099-12-31,,,0,APPROVED,UNREVIEWED,TYKS,1631577600000,3053028,Streptococcus sp identified in Specimen by Organism specific culture,Measurement,MAPS_TO,,TYKS,1631577600000,
11927,"S-Immunoglobulin, light chains, free, Kappa-lambda ratio",-1,,2000800254,"S-Immunoglobuliini, kevyet ketjut, vapaat, Kappa-lambda-suhde",LABfi_TKU Level 0,Measurement,1970-01-01,2099-12-31,,,0,APPROVED,UNREVIEWED,TYKS,1631577600000,3053209,Kappa light chains.free/Lambda light chains.free [Mass Ratio] in Serum,Measurement,MAPS_TO,,TYKS,1631577600000,
13540,Sputum colonization culture,-1,,2000800255,Ysköksen kolonisaatioviljely,LABfi_TKU Level 0,Measurement,1970-01-01,2099-12-31,,,0,APPROVED,UNREVIEWED,TYKS,1631577600000,4015189,Microbial culture of sputum,Measurement,MAPS_TO,,TYKS,1631577600000,
11740,"Pt-Night polygraphy, narrow, ambulatory",-1,,2000800256,"Pt-Yöpolygrafia, suppea, ambulatorinen",LABfi_TKU Level 0,Measurement,1970-01-01,2099-12-31,,,0,APPROVED,UNREVIEWED,TYKS,1631577600000,4016390,Sleep apnea assessment,Procedure,MAPS_TO,,TYKS,1631577600000,
10024,"Bm-Bone marrow examination, biopsy, opinion",-1,,2000800257,"Bm-Luuydintutkimus, biopsia, lausunto",LABfi_TKU Level 0,Measurement,1970-01-01,2099-12-31,,,0,APPROVED,UNREVIEWED,TYKS,1631577600000,4023913,Pathologist report,Observation,MAPS_TO,,TYKS,1631577600000,
10024,"Bm-Bone marrow examination, biopsy, opinion",-1,,2000800257,"Bm-Luuydintutkimus, biopsia, lausunto",LABfi_TKU Level 0,Measurement,1970-01-01,2099-12-31,,,0,APPROVED,UNREVIEWED,TYKS,1631577600000,4120443,Bone marrow sampling,Procedure,MAPS_TO,,TYKS,1631577600000,
10877,Sampling,-1,,2000800258,Näytteenotto,LABfi_TKU Level 0,Measurement,1970-01-01,2099-12-31,,,0,APPROVED,UNREVIEWED,TYKS,1631577600000,4070456,Specimen collection,Procedure,MAPS_TO,,TYKS,1631577600000,
10404,Ts-Tissue sample histological special/additional staining,-1,,2000800259,Ts-Kudosnäytteen histologinen erikois-/lisävärjäys,LABfi_TKU Level 0,Measurement,1970-01-01,2099-12-31,,,0,APPROVED,UNREVIEWED,TYKS,1631577600000,4132406,Staining method,Procedure,MAPS_TO,,TYKS,1631577600000,
11874,Diagnostic phase FISH study in a hematological patient,-1,,2000800260,Hematologisen potilaan diagnoosivaiheen FISH-tutkimus,LABfi_TKU Level 0,Measurement,1970-01-01,2099-12-31,,,0,APPROVED,UNREVIEWED,TYKS,1631577600000,4142271,Fluorescence in situ hybridization,Procedure,MAPS_TO,,TYKS,1631577600000,
11142,"P-OmaGluk, patient meter glucose",-1,,2000800261,"P-OmaGluk, potilasmittarin glukoosi",LABfi_TKU Level 0,Measurement,1970-01-01,2099-12-31,,,0,APPROVED,UNREVIEWED,TYKS,1631577600000,4146454,Self-monitoring of blood glucose,Measurement,MAPS_TO,,TYKS,1631577600000,
10023,"Bm-Bone marrow examination, aspiration, statement",-1,,2000800262,"Bm-Luuydintutkimus, aspiraatio, lausunto",LABfi_TKU Level 0,Measurement,1970-01-01,2099-12-31,,,0,APPROVED,UNREVIEWED,TYKS,1631577600000,4174208,Bone marrow aspiration procedure,Procedure,MAPS_TO,,TYKS,1631577600000,
10992,"Bm-Bone marrow examination, aspiration, sampling",-1,,2000800263,"Bm-Luuydintutkimus, aspiraatio, näytteenotto",LABfi_TKU Level 0,Measurement,1970-01-01,2099-12-31,,,0,APPROVED,UNREVIEWED,TYKS,1631577600000,4174208,Bone marrow aspiration procedure,Procedure,MAPS_TO,,TYKS,1631577600000,
11007,"Sampling, blood cultures",-1,,2000800264,"Näytteenotto, veriviljelyt",LABfi_TKU Level 0,Measurement,1970-01-01,2099-12-31,,,0,APPROVED,UNREVIEWED,TYKS,1631577600000,4218408,Collection of blood specimen for laboratory,Procedure,MAPS_TO,,TYKS,1631577600000,
10395,DNA Extraction,-1,,2000800265,DNA-uutos,LABfi_TKU Level 0,Measurement,1970-01-01,2099-12-31,,,0,APPROVED,UNREVIEWED,TYKS,1631577600000,4266507,DNA analysis,Procedure,MAPS_TO,,TYKS,1631577600000,
13486,First aid sampling,-1,,2000800266,Ensiavun näytteenotto,LABfi_TKU Level 0,Measurement,1970-01-01,2099-12-31,,,0,APPROVED,UNREVIEWED,TYKS,1631577600000,4311405,Biopsy,Procedure,MAPS_TO,,TYKS,1631577600000,
11392,Pathology Specimen Processing,-1,,2000800267,Patologian näytteen käsittely,LABfi_TKU Level 0,Measurement,1970-01-01,2099-12-31,,,0,APPROVED,UNREVIEWED,TYKS,1631577600000,4334496,Procedure on tissue specimen,Procedure,MAPS_TO,,TYKS,1631577600000,
11815,"Resistant gram-negative rods, cultivation",-1,,2000800268,"Resistentit gramnegatiiviset sauvat, viljely",LABfi_TKU Level 0,Measurement,1970-01-01,2099-12-31,,,0,APPROVED,UNREVIEWED,TYKS,1631577600000,21491103,Multiple drug resistant gram negative organism [Identifier] in Specimen by Culture,Measurement,MAPS_TO,,TYKS,1631577600000,
11815,"Resistant gram-negative rods, cultivation",-1,,2000800268,"Resistentit gramnegatiiviset sauvat, viljely",LABfi_TKU Level 0,Measurement,1970-01-01,2099-12-31,,,0,APPROVED,UNREVIEWED,TYKS,1631577600000,37020690,Gram negative bacilli identified in Isolate by Organism specific culture,Measurement,MAPS_TO,,TYKS,1631577600000,
12637,"Respiratory viruses, nucleic acid detection (qual)",-1,,2000800269,"Respiratoriset virukset, nukleiinihapon osoittaminen (kval)",LABfi_TKU Level 0,Measurement,1970-01-01,2099-12-31,,,0,APPROVED,UNREVIEWED,TYKS,1631577600000,21493195,Respiratory pathogens DNA and RNA tested for in Respiratory specimen by NAA with probe detection,Measurement,MAPS_TO,,TYKS,1631577600000,
13246,"Influenza, nucleic acid test from nasopharynx, emergency room",-1,,2000800270,"Influenssa, nukleiinihappo-osoitus nenänielusta, päivystyksenä",LABfi_TKU Level 0,Measurement,1970-01-01,2099-12-31,,,0,APPROVED,UNREVIEWED,TYKS,1631577600000,21493332,Influenza virus A RNA [Presence] in Nasopharynx by NAA with non-probe detection,Measurement,MAPS_TO,,TYKS,1631577600000,
13246,"Influenza, nucleic acid test from nasopharynx, emergency room",-1,,2000800270,"Influenssa, nukleiinihappo-osoitus nenänielusta, päivystyksenä",LABfi_TKU Level 0,Measurement,1970-01-01,2099-12-31,,,0,APPROVED,UNREVIEWED,TYKS,1631577600000,21493336,Influenza virus B RNA [Presence] in Nasopharynx by NAA with non-probe detection,Measurement,MAPS_TO,,TYKS,1631577600000,
20111,"T LYMPHOCYTES (helper, CD4)",-1,,2000800271,"T-LYMFOSYYTIT (auttaja, CD4)",LABfi_TKU Level 0,Measurement,1970-01-01,2099-12-31,,,0,APPROVED,UNREVIEWED,TYKS,1631577600000,21494815,CD4 cells/100 lymphocytes in Specimen,Measurement,MAPS_TO,,TYKS,1631577600000,
14454,"Corona-RS-Influenza, PCR rapid test",-1,,2000800272,"Korona-RS-Influenssa, PCR pikatesti",LABfi_TKU Level 0,Measurement,1970-01-01,2099-12-31,,,0,APPROVED,UNREVIEWED,TYKS,1631577600000,36031861,Influenza virus A and B and SARS-CoV-2 (COVID-19) and Respiratory syncytial virus RNA panel - Respiratory specimen by NAA with probe detection,Measurement,MAPS_TO,,TYKS,1631577600000,
13904,"Stool bacterial pathogens, nucleic acid detection (PCR)",-1,,2000800273,"Ulosteen bakteeripatogeenit, nukleiinihapon osoitus (PCR)",LABfi_TKU Level 0,Measurement,1970-01-01,2099-12-31,,,0,APPROVED,UNREVIEWED,TYKS,1631577600000,37019628,Gastrointestinal bacterial pathogens panel - Stool by NAA with probe detection,Measurement,MAPS_TO,,TYKS,1631577600000,
14159,"Faecal astrovirus, nucleic acid",-1,,2000800274,"Ulosteen astrovirus,nukleiinihappo",LABfi_TKU Level 0,Measurement,1970-01-01,2099-12-31,,,0,APPROVED,UNREVIEWED,TYKS,1631577600000,37020445,Astrovirus RNA [Presence] in Stool by NAA with probe detection,Measurement,MAPS_TO,,TYKS,1631577600000,
14160,"Faecal sapovirus, nucleic acid",-1,,2000800275,"Ulosteen sapovirus,nukleiinihappo",LABfi_TKU Level 0,Measurement,1970-01-01,2099-12-31,,,0,APPROVED,UNREVIEWED,TYKS,1631577600000,37020957,Sapovirus genogroups I+II+IV+V RNA [Presence] in Stool by NAA with probe detection,Measurement,MAPS_TO,,TYKS,1631577600000,
14158,"Faecal adenovirus, nucleic acid",-1,,2000800276,"Ulosteen adenovirus,nukleiinihappo",LABfi_TKU Level 0,Measurement,1970-01-01,2099-12-31,,,0,APPROVED,UNREVIEWED,TYKS,1631577600000,37021247,Adenovirus 40+41 DNA [Presence] in Stool by NAA with probe detection,Measurement,MAPS_TO,,TYKS,1631577600000,
10825,Ratio of CD4 cells to CD8 cells,-1,,2000800277,CD4-solujen suhde CD8-soluihin,LABfi_TKU Level 0,Measurement,1970-01-01,2099-12-31,,,0,APPROVED,UNREVIEWED,TYKS,1631577600000,40757349,CD3+CD4+ (T4 helper) cells/CD3+CD8+ (T8 suppressor cells) cells [# Ratio] in Blood,Measurement,MAPS_TO,,TYKS,1631577600000,
14321,B-Bilirubin,-1,,2000800278,B-Bilirubiini,LABfi_TKU Level 0,Measurement,1970-01-01,2099-12-31,,,0,APPROVED,UNREVIEWED,TYKS,1631577600000,40757494,Bilirubin.total [Moles/volume] in Blood,Measurement,MAPS_TO,,TYKS,1631577600000,
12906,S-HE4 protein,-1,,2000800279,S-HE4 proteiini,LABfi_TKU Level 0,Measurement,1970-01-01,2099-12-31,,,0,APPROVED,UNREVIEWED,TYKS,1631577600000,40758310,Human epididymis protein 4 [Moles/volume] in Serum or Plasma,Measurement,MAPS_TO,,TYKS,1631577600000,
11211,"TS-IHpika, rapid section immunohistochemical study",-1,,2000800280,"TS-IHpika, pikaleikkeen immunohistokemiallinen tutkimus",LABfi_TKU Level 0,Measurement,1970-01-01,2099-12-31,,,0,APPROVED,UNREVIEWED,TYKS,1631577600000,40758358,Immune stain study,Measurement,MAPS_TO,,TYKS,1631577600000,
13147,"S-HI virus, antigen and antibodies, combination study",-1,,2000800281,"S-HI-virus, antigeeni ja vasta-aineet, yhdistelmätutkimus",LABfi_TKU Level 0,Measurement,1970-01-01,2099-12-31,,,0,APPROVED,UNREVIEWED,TYKS,1631577600000,40760007,HIV 1+2 Ab+HIV1 p24 Ag [Presence] in Serum or Plasma by Immunoassay,Measurement,MAPS_TO,,TYKS,1631577600000,
13229,Human metapneumovirus antigen,-1,,2000800282,Humaani metapneumovirus antigeeni,LABfi_TKU Level 0,Measurement,1970-01-01,2099-12-31,,,0,APPROVED,UNREVIEWED,TYKS,1631577600000,40763480,Human metapneumovirus Ag [Presence] in Specimen,Measurement,MAPS_TO,,TYKS,1631577600000,
13470,"Pt-Glomerular filtration rate, estimated, CKD-EPI formula",-1,,2000800283,"Pt-Glomerulussuodosnopeus, estimoitu, CKD-EPI-kaava",LABfi_TKU Level 0,Measurement,1970-01-01,2099-12-31,,,0,APPROVED,UNREVIEWED,TYKS,1631577600000,40764999,"Glomerular filtration rate/1.73 sq M.predicted [Volume Rate/Area] in Serum, Plasma or Blood by Creatinine-based formula (CKD-EPI)",Measurement,MAPS_TO,,TYKS,1631577600000,
13874,"hBoV,human bocavirus",-1,,2000800284,"hBoV,ihmisen bokavirus",LABfi_TKU Level 0,Measurement,1970-01-01,2099-12-31,,,0,APPROVED,UNREVIEWED,TYKS,1631577600000,40765161,Human bocavirus DNA [Presence] in Specimen by NAA with probe detection,Measurement,MAPS_TO,,TYKS,1631577600000,
20153,"S-Ribonuclein protein 70, antibodies",-1,,2000800285,"S-Ribonukeliiniproteiini 70, vasta-aineet",LABfi_TKU Level 0,Measurement,1970-01-01,2099-12-31,,,0,APPROVED,UNREVIEWED,TYKS,1631577600000,40766048,U1 small nuclear ribonucleoprotein 70kD Ab [Units/volume] in Serum by Immunoassay,Measurement,MAPS_TO,,TYKS,1631577600000,
10420,Ts-Breast cancer prognostic factor study,-1,,2000800286,Ts-Rintasyövän ennustekijätutkimus,LABfi_TKU Level 0,Measurement,1970-01-01,2099-12-31,,,0,APPROVED,UNREVIEWED,TYKS,1631577600000,40768793,Breast Pathology biopsy report,Measurement,MAPS_TO,,TYKS,1631577600000,
12126,"Papillomavirus (HPV), high risk, mRNA detection",-1,,2000800287,"Papilloomavirus(HPV),suuren riskin, mRNA-osoitus",LABfi_TKU Level 0,Measurement,1970-01-01,2099-12-31,,,0,APPROVED,UNREVIEWED,TYKS,1631577600000,40771527,Human papilloma virus E6+E7 mRNA [Presence] in Cervix by NAA with probe detection,Measurement,MAPS_TO,,TYKS,1631577600000,
10978,"Li-Enterovirus, IgM antibodies",-1,,2000800288,"Li-Enterovirus, IgM vasta-aineet",LABfi_TKU Level 0,Measurement,1970-01-01,2099-12-31,,,0,APPROVED,UNREVIEWED,TYKS,1631577600000,42868497,Enterovirus IgM Ab [Presence] in Cerebral spinal fluid by Immunoassay,Measurement,MAPS_TO,,TYKS,1631577600000,
10979,"Li-Enterovirus, antibodies",-1,,2000800289,"Li-Enterovirus, vasta-aineet",LABfi_TKU Level 0,Measurement,1970-01-01,2099-12-31,,,0,APPROVED,UNREVIEWED,TYKS,1631577600000,42868497,Enterovirus IgM Ab [Presence] in Cerebral spinal fluid by Immunoassay,Measurement,MAPS_TO,,TYKS,1631577600000,
10979,"Li-Enterovirus, antibodies",-1,,2000800289,"Li-Enterovirus, vasta-aineet",LABfi_TKU Level 0,Measurement,1970-01-01,2099-12-31,,,0,APPROVED,UNREVIEWED,TYKS,1631577600000,42868499,Enterovirus IgG Ab [Presence] in Cerebral spinal fluid by Immunoassay,Measurement,MAPS_TO,,TYKS,1631577600000,
10976,"S-Enterovirus, antibodies",-1,,2000800290,"S-Enterovirus, vasta-aineet",LABfi_TKU Level 0,Measurement,1970-01-01,2099-12-31,,,0,APPROVED,UNREVIEWED,TYKS,1631577600000,42868498,Enterovirus IgM Ab [Presence] in Serum or Plasma by Immunoassay,Measurement,MAPS_TO,,TYKS,1631577600000,
10976,"S-Enterovirus, antibodies",-1,,2000800290,"S-Enterovirus, vasta-aineet",LABfi_TKU Level 0,Measurement,1970-01-01,2099-12-31,,,0,APPROVED,UNREVIEWED,TYKS,1631577600000,42868500,Enterovirus IgG Ab [Presence] in Serum or Plasma by Immunoassay,Measurement,MAPS_TO,,TYKS,1631577600000,
505,HDL/Col,-1,,2000800291,HDL/Kol,LABfi_TKU Level 0,Measurement,1970-01-01,2099-12-31,,,0,APPROVED,UNREVIEWED,TYKS,1631577600000,42868674,Cholesterol in HDL/Cholesterol.total [Molar ratio] in Serum or Plasma,Measurement,MAPS_TO,,TYKS,1631577600000,
13663,Shigella/EIEC (Enteroinvasive E.coli),-1,,2000800292,Shigella/EIEC (enteroinvasiivinen E.coli),LABfi_TKU Level 0,Measurement,1970-01-01,2099-12-31,,,0,APPROVED,UNREVIEWED,TYKS,1631577600000,42868716,Shigella species+EIEC invasion plasmid antigen H ipaH gene [Presence] in Stool by NAA with probe detection,Measurement,MAPS_TO,,TYKS,1631577600000,
14120,"F-Rotavirus, nucleic acid",-1,,2000800293,"F-Rotavirus, nukleiinihappo",LABfi_TKU Level 0,Measurement,1970-01-01,2099-12-31,,,0,APPROVED,UNREVIEWED,TYKS,1631577600000,42869457,Rotavirus RNA [Identifier] in Stool by NAA with probe detection,Measurement,MAPS_TO,,TYKS,1631577600000,
11502,"KT/V, Daugirdas formula",-1,,2000800294,"KT/V, Daugirdaksen kaava",LABfi_TKU Level 0,Measurement,1970-01-01,2099-12-31,,,0,APPROVED,UNREVIEWED,TYKS,1631577600000,42869904,Kt/V.Peritoneal Dialysis,Observation,MAPS_TO,,TYKS,1631577600000,
11502,"KT/V, Daugirdas formula",-1,,2000800294,"KT/V, Daugirdaksen kaava",LABfi_TKU Level 0,Measurement,1970-01-01,2099-12-31,,,0,APPROVED,UNREVIEWED,TYKS,1631577600000,42869905,Kt/V.Hemodialysis,Observation,MAPS_TO,,TYKS,1631577600000,
12773,B-C reactive protein,-1,,2000800295,B-C-reaktiivinen proteiini,LABfi_TKU Level 0,Measurement,1970-01-01,2099-12-31,,,0,APPROVED,UNREVIEWED,TYKS,1631577600000,42870365,C reactive protein [Mass/volume] in Blood by High sensitivity method,Measurement,MAPS_TO,,TYKS,1631577600000,
14348,S-Alpha-2 Fraction,-1,,2000800296,S-Alfa-2-fraktio,LABfi_TKU Level 0,Measurement,1970-01-01,2099-12-31,,,0,APPROVED,UNREVIEWED,TYKS,1631577600000,43055424,Alpha 2 globulin/Protein.total [Pure mass fraction] in Serum or Plasma by Electrophoresis,Measurement,MAPS_TO,,TYKS,1631577600000,
14346,S-Albumin Fraction,-1,,2000800297,S-Albumiini-fraktio,LABfi_TKU Level 0,Measurement,1970-01-01,2099-12-31,,,0,APPROVED,UNREVIEWED,TYKS,1631577600000,43055432,Albumin/Protein.total [Pure mass fraction] in Serum or Plasma by Electrophoresis,Measurement,MAPS_TO,,TYKS,1631577600000,
779,Pf-Granulocytes,-1,,2000800298,Pf-Granulosyytit,LABfi_TKU Level 0,Measurement,1970-01-01,2099-12-31,,,0,APPROVED,UNREVIEWED,TYKS,1631577600000,44786800,Granulocytes/100 leukocytes in Body fluid,Measurement,MAPS_TO,,TYKS,1631577600000,
10511,"P-Cardiolipin, IgM antibodies",-1,,2000800299,"P-Kardiolipiini, IgM vasta-aineet",LABfi_TKU Level 0,Measurement,1970-01-01,2099-12-31,,,0,APPROVED,UNREVIEWED,TYKS,1631577600000,44806071,Cardiolipin IgM antibody measurement,Measurement,MAPS_TO,,TYKS,1631577600000,
10945,"Sampling, special and storage",-1,,2000800300,"Näytteenotto, erikois ja säilytys",LABfi_TKU Level 0,Measurement,1970-01-01,2099-12-31,,,0,APPROVED,UNREVIEWED,TYKS,1631577600000,45882770,Biopsy,Meas Value,MAPS_TO,,TYKS,1631577600000,
12556,"Bo-Bacteria, Cultivation",-1,,2000800301,"Bo-Bakteeri, viljely",LABfi_TKU Level 0,Measurement,1970-01-01,2099-12-31,,,0,APPROVED,UNREVIEWED,TYKS,1631577600000,46234834,Bacteria identified in Bone by Anaerobe+Aerobe culture,Measurement,MAPS_TO,,TYKS,1631577600000,
13870,"Influenza and RSV, nucleic acid test from nasopharynx, on call",-1,,2000800302,"Influenssa ja RSV, nukleiinihappo-osoitus nenänielusta, päivystyksenä",LABfi_TKU Level 0,Measurement,1970-01-01,2099-12-31,,,0,APPROVED,UNREVIEWED,TYKS,1631577600000,46235757,Influenza virus A RNA [Presence] in Nasopharynx by NAA with probe detection,Measurement,MAPS_TO,,TYKS,1631577600000,
13870,"Influenza and RSV, nucleic acid test from nasopharynx, on call",-1,,2000800302,"Influenssa ja RSV, nukleiinihappo-osoitus nenänielusta, päivystyksenä",LABfi_TKU Level 0,Measurement,1970-01-01,2099-12-31,,,0,APPROVED,UNREVIEWED,TYKS,1631577600000,46235759,Influenza virus B RNA [Presence] in Nasopharynx by NAA with probe detection,Measurement,MAPS_TO,,TYKS,1631577600000,
13870,"Influenza and RSV, nucleic acid test from nasopharynx, on call",-1,,2000800302,"Influenssa ja RSV, nukleiinihappo-osoitus nenänielusta, päivystyksenä",LABfi_TKU Level 0,Measurement,1970-01-01,2099-12-31,,,0,APPROVED,UNREVIEWED,TYKS,1631577600000,46235794,Respiratory syncytial virus RNA [Presence] in Nasopharynx by NAA with probe detection,Measurement,MAPS_TO,,TYKS,1631577600000,
25049,"Influenza B virus, nucleic acid (qual)",-1,,2000800303,"Influenssa B-virus, nukleiinihappo (kval)",LABfi_TKU Level 0,Measurement,1970-01-01,2099-12-31,,,0,APPROVED,UNREVIEWED,TYKS,1631577600000,46235759,Influenza virus B RNA [Presence] in Nasopharynx by NAA with probe detection,Measurement,MAPS_TO,,TYKS,1631577600000,
11057,"Methicillin resistant Staph. aureus, pharyngeal culture",-1,,2000800304,"Metisilliini resistentti Staph. aureus, viljely nielusta",LABfi_TKU Level 0,Measurement,1970-01-01,2099-12-31,,,0,APPROVED,UNREVIEWED,TYKS,1631577600000,46235760,Methicillin resistant Staphylococcus aureus [Presence] in Pharynx by Organism specific culture,Measurement,MAPS_TO,,TYKS,1631577600000,
11807,"E-Blood group, check",-1,,2000800305,"E-Veriryhmä, tarkistus",LABfi_TKU Level 0,Measurement,1970-01-01,2099-12-31,,,0,APPROVED,UNREVIEWED,TYKS,1631577600000,46236098,ABO and Rh group [Type] in Blood by Confirmatory method,Measurement,MAPS_TO,,TYKS,1631577600000,
10105,"Yersinia enterocolitica IX, IgG antibodies",-1,,2000800306,"Yersinia enterocolitica IX, IgG vasta-aineet",LABfi_TKU Level 0,Measurement,1970-01-01,2099-12-31,,,0,APPROVED,UNREVIEWED,TYKS,1631577600000,46236344,Yersinia enterocolitica O:9 IgG Ab [Presence] in Serum by Agglutination,Measurement,MAPS_TO,,TYKS,1631577600000,
